PartitionKey,RowKey,alertTimestamp,cloudAnomalyType,cloudDetectionJson,cloudIsAnomaly,cloudPublishTimestamp,cloudReceivedTimestamp,deviceId,deviceType,directPublisherReceivedTimestamp,experimentId,groundTruthJson,iotHubEnqueuedTimestamp,messageType,originDeviceId,originModuleId,payloadJson,runId,scenario,sensorTimestamp,sequence
budgeted_800k_s0_s1_s2|S0_CLOUD_ONLY|s0_90_normal_rep2_full_20260504_013601,telemetry|s0-cloud-publisher-b|device|conveyor-009|000000000045|44078,2026-05-03T23:50:07.659454Z,jam,"{""anomalyType"":""jam"",""isAnomaly"":true,""matchedRules"":[""conveyor.jam""],""score"":0.91,""severity"":""critical""}",True,2026-05-03T23:45:46.226000Z,2026-05-03T23:50:07.659088Z,conveyor-009,conveyor,2026-05-03T23:45:46.225989Z,budgeted_800k_s0_s1_s2,"{""anomalyType"":""jam"",""isAnomaly"":true}",2026-05-03T23:45:50.303,alert,s0-cloud-publisher-b,,"{""alertTimestamp"":""2026-05-03T23:50:07.659454Z"",""anomalyTimestamp"":null,""cloudDetection"":{""anomalyType"":""jam"",""isAnomaly"":true,""matchedRules"":[""conveyor.jam""],""score"":0.91,""severity"":""critical""},""cloudPublishTimestamp"":""2026-05-03T23:45:46.226000Z"",""cloudReceivedTimestamp"":""2026-05-03T23:50:07.659088Z"",""deviceId"":""conveyor-009"",""deviceType"":""conveyor"",""directPublisherReceivedTimestamp"":""2026-05-03T23:45:46.225989Z"",""edgeReceivedTimestamp"":null,""experimentId"":""budgeted_800k_s0_s1_s2"",""filteredTimestamp"":null,""groundTruth"":{""anomalyType"":""jam"",""isAnomaly"":true},""messageType"":""alert"",""normalizedTimestamp"":null,""runId"":""s0_90_normal_rep2_full_20260504_013601"",""scenario"":""S0_CLOUD_ONLY"",""sensorTimestamp"":""2026-01-01T00:00:49.700000Z"",""sequence"":45}",s0_90_normal_rep2_full_20260504_013601,S0_CLOUD_ONLY,2026-01-01T00:00:49.700000Z,45
budgeted_800k_s0_s1_s2|S0_CLOUD_ONLY|s0_90_normal_rep2_full_20260504_013601,telemetry|s0-cloud-publisher-b|device|conveyor-009|000000000046|44177,2026-05-03T23:50:10.026357Z,jam,"{""anomalyType"":""jam"",""isAnomaly"":true,""matchedRules"":[""conveyor.jam""],""score"":0.91,""severity"":""critical""}",True,2026-05-03T23:45:47.302514Z,2026-05-03T23:50:10.026090Z,conveyor-009,conveyor,2026-05-03T23:45:47.302503Z,budgeted_800k_s0_s1_s2,"{""anomalyType"":""jam"",""isAnomaly"":true}",2026-05-03T23:45:51.474,alert,s0-cloud-publisher-b,,"{""alertTimestamp"":""2026-05-03T23:50:10.026357Z"",""anomalyTimestamp"":null,""cloudDetection"":{""anomalyType"":""jam"",""isAnomaly"":true,""matchedRules"":[""conveyor.jam""],""score"":0.91,""severity"":""critical""},""cloudPublishTimestamp"":""2026-05-03T23:45:47.302514Z"",""cloudReceivedTimestamp"":""2026-05-03T23:50:10.026090Z"",""deviceId"":""conveyor-009"",""deviceType"":""conveyor"",""directPublisherReceivedTimestamp"":""2026-05-03T23:45:47.302503Z"",""edgeReceivedTimestamp"":null,""experimentId"":""budgeted_800k_s0_s1_s2"",""filteredTimestamp"":null,""groundTruth"":{""anomalyType"":""jam"",""isAnomaly"":true},""messageType"":""alert"",""normalizedTimestamp"":null,""runId"":""s0_90_normal_rep2_full_20260504_013601"",""scenario"":""S0_CLOUD_ONLY"",""sensorTimestamp"":""2026-01-01T00:00:50.811111Z"",""sequence"":46}",s0_90_normal_rep2_full_20260504_013601,S0_CLOUD_ONLY,2026-01-01T00:00:50.811111Z,46
budgeted_800k_s0_s1_s2|S0_CLOUD_ONLY|s0_90_normal_rep2_full_20260504_013601,telemetry|s0-cloud-publisher-b|device|conveyor-009|000000000047|44277,2026-05-03T23:50:12.360482Z,jam,"{""anomalyType"":""jam"",""isAnomaly"":true,""matchedRules"":[""conveyor.jam""],""score"":0.91,""severity"":""critical""}",True,2026-05-03T23:45:48.443246Z,2026-05-03T23:50:12.360204Z,conveyor-009,conveyor,2026-05-03T23:45:48.443240Z,budgeted_800k_s0_s1_s2,"{""anomalyType"":""jam"",""isAnomaly"":true}",2026-05-03T23:45:52.724,alert,s0-cloud-publisher-b,,"{""alertTimestamp"":""2026-05-03T23:50:12.360482Z"",""anomalyTimestamp"":null,""cloudDetection"":{""anomalyType"":""jam"",""isAnomaly"":true,""matchedRules"":[""conveyor.jam""],""score"":0.91,""severity"":""critical""},""cloudPublishTimestamp"":""2026-05-03T23:45:48.443246Z"",""cloudReceivedTimestamp"":""2026-05-03T23:50:12.360204Z"",""deviceId"":""conveyor-009"",""deviceType"":""conveyor"",""directPublisherReceivedTimestamp"":""2026-05-03T23:45:48.443240Z"",""edgeReceivedTimestamp"":null,""experimentId"":""budgeted_800k_s0_s1_s2"",""filteredTimestamp"":null,""groundTruth"":{""anomalyType"":""jam"",""isAnomaly"":true},""messageType"":""alert"",""normalizedTimestamp"":null,""runId"":""s0_90_normal_rep2_full_20260504_013601"",""scenario"":""S0_CLOUD_ONLY"",""sensorTimestamp"":""2026-01-01T00:00:51.922222Z"",""sequence"":47}",s0_90_normal_rep2_full_20260504_013601,S0_CLOUD_ONLY,2026-01-01T00:00:51.922222Z,47
budgeted_800k_s0_s1_s2|S0_CLOUD_ONLY|s0_90_normal_rep2_full_20260504_013601,telemetry|s0-cloud-publisher-b|device|conveyor-009|000000000048|44377,2026-05-03T23:50:14.680343Z,jam,"{""anomalyType"":""jam"",""isAnomaly"":true,""matchedRules"":[""conveyor.jam""],""score"":0.91,""severity"":""critical""}",True,2026-05-03T23:45:49.512959Z,2026-05-03T23:50:14.680095Z,conveyor-009,conveyor,2026-05-03T23:45:49.512948Z,budgeted_800k_s0_s1_s2,"{""anomalyType"":""jam"",""isAnomaly"":true}",2026-05-03T23:45:53.881,alert,s0-cloud-publisher-b,,"{""alertTimestamp"":""2026-05-03T23:50:14.680343Z"",""anomalyTimestamp"":null,""cloudDetection"":{""anomalyType"":""jam"",""isAnomaly"":true,""matchedRules"":[""conveyor.jam""],""score"":0.91,""severity"":""critical""},""cloudPublishTimestamp"":""2026-05-03T23:45:49.512959Z"",""cloudReceivedTimestamp"":""2026-05-03T23:50:14.680095Z"",""deviceId"":""conveyor-009"",""deviceType"":""conveyor"",""directPublisherReceivedTimestamp"":""2026-05-03T23:45:49.512948Z"",""edgeReceivedTimestamp"":null,""experimentId"":""budgeted_800k_s0_s1_s2"",""filteredTimestamp"":null,""groundTruth"":{""anomalyType"":""jam"",""isAnomaly"":true},""messageType"":""alert"",""normalizedTimestamp"":null,""runId"":""s0_90_normal_rep2_full_20260504_013601"",""scenario"":""S0_CLOUD_ONLY"",""sensorTimestamp"":""2026-01-01T00:00:53.033333Z"",""sequence"":48}",s0_90_normal_rep2_full_20260504_013601,S0_CLOUD_ONLY,2026-01-01T00:00:53.033333Z,48
budgeted_800k_s0_s1_s2|S0_CLOUD_ONLY|s0_90_normal_rep2_full_20260504_013601,telemetry|s0-cloud-publisher-b|device|conveyor-009|000000000049|44476,2026-05-03T23:50:16.858853Z,jam,"{""anomalyType"":""jam"",""isAnomaly"":true,""matchedRules"":[""conveyor.jam""],""score"":0.91,""severity"":""critical""}",True,2026-05-03T23:45:50.619343Z,2026-05-03T23:50:16.858575Z,conveyor-009,conveyor,2026-05-03T23:45:50.619331Z,budgeted_800k_s0_s1_s2,"{""anomalyType"":""jam"",""isAnomaly"":true}",2026-05-03T23:45:55.022,alert,s0-cloud-publisher-b,,"{""alertTimestamp"":""2026-05-03T23:50:16.858853Z"",""anomalyTimestamp"":null,""cloudDetection"":{""anomalyType"":""jam"",""isAnomaly"":true,""matchedRules"":[""conveyor.jam""],""score"":0.91,""severity"":""critical""},""cloudPublishTimestamp"":""2026-05-03T23:45:50.619343Z"",""cloudReceivedTimestamp"":""2026-05-03T23:50:16.858575Z"",""deviceId"":""conveyor-009"",""deviceType"":""conveyor"",""directPublisherReceivedTimestamp"":""2026-05-03T23:45:50.619331Z"",""edgeReceivedTimestamp"":null,""experimentId"":""budgeted_800k_s0_s1_s2"",""filteredTimestamp"":null,""groundTruth"":{""anomalyType"":""jam"",""isAnomaly"":true},""messageType"":""alert"",""normalizedTimestamp"":null,""runId"":""s0_90_normal_rep2_full_20260504_013601"",""scenario"":""S0_CLOUD_ONLY"",""sensorTimestamp"":""2026-01-01T00:00:54.144444Z"",""sequence"":49}",s0_90_normal_rep2_full_20260504_013601,S0_CLOUD_ONLY,2026-01-01T00:00:54.144444Z,49
budgeted_800k_s0_s1_s2|S0_CLOUD_ONLY|s0_90_normal_rep2_full_20260504_013601,telemetry|s0-cloud-publisher-b|device|conveyor-009|000000000050|44576,2026-05-03T23:50:19.216226Z,jam,"{""anomalyType"":""jam"",""isAnomaly"":true,""matchedRules"":[""conveyor.jam""],""score"":0.91,""severity"":""critical""}",True,2026-05-03T23:45:51.720757Z,2026-05-03T23:50:19.215967Z,conveyor-009,conveyor,2026-05-03T23:45:51.720745Z,budgeted_800k_s0_s1_s2,"{""anomalyType"":""jam"",""isAnomaly"":true}",2026-05-03T23:45:56.288,alert,s0-cloud-publisher-b,,"{""alertTimestamp"":""2026-05-03T23:50:19.216226Z"",""anomalyTimestamp"":null,""cloudDetection"":{""anomalyType"":""jam"",""isAnomaly"":true,""matchedRules"":[""conveyor.jam""],""score"":0.91,""severity"":""critical""},""cloudPublishTimestamp"":""2026-05-03T23:45:51.720757Z"",""cloudReceivedTimestamp"":""2026-05-03T23:50:19.215967Z"",""deviceId"":""conveyor-009"",""deviceType"":""conveyor"",""directPublisherReceivedTimestamp"":""2026-05-03T23:45:51.720745Z"",""edgeReceivedTimestamp"":null,""experimentId"":""budgeted_800k_s0_s1_s2"",""filteredTimestamp"":null,""groundTruth"":{""anomalyType"":""jam"",""isAnomaly"":true},""messageType"":""alert"",""normalizedTimestamp"":null,""runId"":""s0_90_normal_rep2_full_20260504_013601"",""scenario"":""S0_CLOUD_ONLY"",""sensorTimestamp"":""2026-01-01T00:00:55.255556Z"",""sequence"":50}",s0_90_normal_rep2_full_20260504_013601,S0_CLOUD_ONLY,2026-01-01T00:00:55.255556Z,50
budgeted_800k_s0_s1_s2|S0_CLOUD_ONLY|s0_90_normal_rep2_full_20260504_013601,telemetry|s0-cloud-publisher-b|device|conveyor-009|000000000051|44675,2026-05-03T23:50:21.380879Z,jam,"{""anomalyType"":""jam"",""isAnomaly"":true,""matchedRules"":[""conveyor.jam""],""score"":0.91,""severity"":""critical""}",True,2026-05-03T23:45:52.830677Z,2026-05-03T23:50:21.380416Z,conveyor-009,conveyor,2026-05-03T23:45:52.830665Z,budgeted_800k_s0_s1_s2,"{""anomalyType"":""jam"",""isAnomaly"":true}",2026-05-03T23:45:57.522,alert,s0-cloud-publisher-b,,"{""alertTimestamp"":""2026-05-03T23:50:21.380879Z"",""anomalyTimestamp"":null,""cloudDetection"":{""anomalyType"":""jam"",""isAnomaly"":true,""matchedRules"":[""conveyor.jam""],""score"":0.91,""severity"":""critical""},""cloudPublishTimestamp"":""2026-05-03T23:45:52.830677Z"",""cloudReceivedTimestamp"":""2026-05-03T23:50:21.380416Z"",""deviceId"":""conveyor-009"",""deviceType"":""conveyor"",""directPublisherReceivedTimestamp"":""2026-05-03T23:45:52.830665Z"",""edgeReceivedTimestamp"":null,""experimentId"":""budgeted_800k_s0_s1_s2"",""filteredTimestamp"":null,""groundTruth"":{""anomalyType"":""jam"",""isAnomaly"":true},""messageType"":""alert"",""normalizedTimestamp"":null,""runId"":""s0_90_normal_rep2_full_20260504_013601"",""scenario"":""S0_CLOUD_ONLY"",""sensorTimestamp"":""2026-01-01T00:00:56.366667Z"",""sequence"":51}",s0_90_normal_rep2_full_20260504_013601,S0_CLOUD_ONLY,2026-01-01T00:00:56.366667Z,51
budgeted_800k_s0_s1_s2|S0_CLOUD_ONLY|s0_90_normal_rep2_full_20260504_013601,telemetry|s0-cloud-publisher-b|device|conveyor-009|000000000052|44775,2026-05-03T23:50:23.628787Z,jam,"{""anomalyType"":""jam"",""isAnomaly"":true,""matchedRules"":[""conveyor.jam""],""score"":0.91,""severity"":""critical""}",True,2026-05-03T23:45:53.972099Z,2026-05-03T23:50:23.628611Z,conveyor-009,conveyor,2026-05-03T23:45:53.972092Z,budgeted_800k_s0_s1_s2,"{""anomalyType"":""jam"",""isAnomaly"":true}",2026-05-03T23:45:58.679,alert,s0-cloud-publisher-b,,"{""alertTimestamp"":""2026-05-03T23:50:23.628787Z"",""anomalyTimestamp"":null,""cloudDetection"":{""anomalyType"":""jam"",""isAnomaly"":true,""matchedRules"":[""conveyor.jam""],""score"":0.91,""severity"":""critical""},""cloudPublishTimestamp"":""2026-05-03T23:45:53.972099Z"",""cloudReceivedTimestamp"":""2026-05-03T23:50:23.628611Z"",""deviceId"":""conveyor-009"",""deviceType"":""conveyor"",""directPublisherReceivedTimestamp"":""2026-05-03T23:45:53.972092Z"",""edgeReceivedTimestamp"":null,""experimentId"":""budgeted_800k_s0_s1_s2"",""filteredTimestamp"":null,""groundTruth"":{""anomalyType"":""jam"",""isAnomaly"":true},""messageType"":""alert"",""normalizedTimestamp"":null,""runId"":""s0_90_normal_rep2_full_20260504_013601"",""scenario"":""S0_CLOUD_ONLY"",""sensorTimestamp"":""2026-01-01T00:00:57.477778Z"",""sequence"":52}",s0_90_normal_rep2_full_20260504_013601,S0_CLOUD_ONLY,2026-01-01T00:00:57.477778Z,52
budgeted_800k_s0_s1_s2|S0_CLOUD_ONLY|s0_90_normal_rep2_full_20260504_013601,telemetry|s0-cloud-publisher-b|device|conveyor-009|000000000053|44875,2026-05-03T23:50:26.128299Z,jam,"{""anomalyType"":""jam"",""isAnomaly"":true,""matchedRules"":[""conveyor.jam""],""score"":0.91,""severity"":""critical""}",True,2026-05-03T23:45:55.046746Z,2026-05-03T23:50:26.128053Z,conveyor-009,conveyor,2026-05-03T23:45:55.046733Z,budgeted_800k_s0_s1_s2,"{""anomalyType"":""jam"",""isAnomaly"":true}",2026-05-03T23:45:59.836,alert,s0-cloud-publisher-b,,"{""alertTimestamp"":""2026-05-03T23:50:26.128299Z"",""anomalyTimestamp"":null,""cloudDetection"":{""anomalyType"":""jam"",""isAnomaly"":true,""matchedRules"":[""conveyor.jam""],""score"":0.91,""severity"":""critical""},""cloudPublishTimestamp"":""2026-05-03T23:45:55.046746Z"",""cloudReceivedTimestamp"":""2026-05-03T23:50:26.128053Z"",""deviceId"":""conveyor-009"",""deviceType"":""conveyor"",""directPublisherReceivedTimestamp"":""2026-05-03T23:45:55.046733Z"",""edgeReceivedTimestamp"":null,""experimentId"":""budgeted_800k_s0_s1_s2"",""filteredTimestamp"":null,""groundTruth"":{""anomalyType"":""jam"",""isAnomaly"":true},""messageType"":""alert"",""normalizedTimestamp"":null,""runId"":""s0_90_normal_rep2_full_20260504_013601"",""scenario"":""S0_CLOUD_ONLY"",""sensorTimestamp"":""2026-01-01T00:00:58.588889Z"",""sequence"":53}",s0_90_normal_rep2_full_20260504_013601,S0_CLOUD_ONLY,2026-01-01T00:00:58.588889Z,53
budgeted_800k_s0_s1_s2|S0_CLOUD_ONLY|s0_90_normal_rep2_full_20260504_013601,telemetry|s0-cloud-publisher-b|device|conveyor-009|000000000054|44974,2026-05-03T23:50:28.458106Z,jam,"{""anomalyType"":""jam"",""isAnomaly"":true,""matchedRules"":[""conveyor.jam""],""score"":0.91,""severity"":""critical""}",True,2026-05-03T23:45:56.172342Z,2026-05-03T23:50:28.457642Z,conveyor-009,conveyor,2026-05-03T23:45:56.172331Z,budgeted_800k_s0_s1_s2,"{""anomalyType"":""jam"",""isAnomaly"":true}",2026-05-03T23:46:01.087,alert,s0-cloud-publisher-b,,"{""alertTimestamp"":""2026-05-03T23:50:28.458106Z"",""anomalyTimestamp"":null,""cloudDetection"":{""anomalyType"":""jam"",""isAnomaly"":true,""matchedRules"":[""conveyor.jam""],""score"":0.91,""severity"":""critical""},""cloudPublishTimestamp"":""2026-05-03T23:45:56.172342Z"",""cloudReceivedTimestamp"":""2026-05-03T23:50:28.457642Z"",""deviceId"":""conveyor-009"",""deviceType"":""conveyor"",""directPublisherReceivedTimestamp"":""2026-05-03T23:45:56.172331Z"",""edgeReceivedTimestamp"":null,""experimentId"":""budgeted_800k_s0_s1_s2"",""filteredTimestamp"":null,""groundTruth"":{""anomalyType"":""jam"",""isAnomaly"":true},""messageType"":""alert"",""normalizedTimestamp"":null,""runId"":""s0_90_normal_rep2_full_20260504_013601"",""scenario"":""S0_CLOUD_ONLY"",""sensorTimestamp"":""2026-01-01T00:00:59.700000Z"",""sequence"":54}",s0_90_normal_rep2_full_20260504_013601,S0_CLOUD_ONLY,2026-01-01T00:00:59.700000Z,54
budgeted_800k_s0_s1_s2|S0_CLOUD_ONLY|s0_90_normal_rep2_full_20260504_013601,telemetry|s0-cloud-publisher-b|device|conveyor-009|000000000055|45074,2026-05-03T23:50:30.884495Z,jam,"{""anomalyType"":""jam"",""isAnomaly"":true,""matchedRules"":[""conveyor.jam""],""score"":0.91,""severity"":""critical""}",True,2026-05-03T23:45:57.313686Z,2026-05-03T23:50:30.884257Z,conveyor-009,conveyor,2026-05-03T23:45:57.313672Z,budgeted_800k_s0_s1_s2,"{""anomalyType"":""jam"",""isAnomaly"":true}",2026-05-03T23:46:02.337,alert,s0-cloud-publisher-b,,"{""alertTimestamp"":""2026-05-03T23:50:30.884495Z"",""anomalyTimestamp"":null,""cloudDetection"":{""anomalyType"":""jam"",""isAnomaly"":true,""matchedRules"":[""conveyor.jam""],""score"":0.91,""severity"":""critical""},""cloudPublishTimestamp"":""2026-05-03T23:45:57.313686Z"",""cloudReceivedTimestamp"":""2026-05-03T23:50:30.884257Z"",""deviceId"":""conveyor-009"",""deviceType"":""conveyor"",""directPublisherReceivedTimestamp"":""2026-05-03T23:45:57.313672Z"",""edgeReceivedTimestamp"":null,""experimentId"":""budgeted_800k_s0_s1_s2"",""filteredTimestamp"":null,""groundTruth"":{""anomalyType"":""jam"",""isAnomaly"":true},""messageType"":""alert"",""normalizedTimestamp"":null,""runId"":""s0_90_normal_rep2_full_20260504_013601"",""scenario"":""S0_CLOUD_ONLY"",""sensorTimestamp"":""2026-01-01T00:01:00.811111Z"",""sequence"":55}",s0_90_normal_rep2_full_20260504_013601,S0_CLOUD_ONLY,2026-01-01T00:01:00.811111Z,55
budgeted_800k_s0_s1_s2|S0_CLOUD_ONLY|s0_90_normal_rep2_full_20260504_013601,telemetry|s0-cloud-publisher-b|device|conveyor-009|000000000056|45174,2026-05-03T23:50:33.111545Z,jam,"{""anomalyType"":""jam"",""isAnomaly"":true,""matchedRules"":[""conveyor.jam""],""score"":0.91,""severity"":""critical""}",True,2026-05-03T23:45:58.419224Z,2026-05-03T23:50:33.111365Z,conveyor-009,conveyor,2026-05-03T23:45:58.419213Z,budgeted_800k_s0_s1_s2,"{""anomalyType"":""jam"",""isAnomaly"":true}",2026-05-03T23:46:03.493,alert,s0-cloud-publisher-b,,"{""alertTimestamp"":""2026-05-03T23:50:33.111545Z"",""anomalyTimestamp"":null,""cloudDetection"":{""anomalyType"":""jam"",""isAnomaly"":true,""matchedRules"":[""conveyor.jam""],""score"":0.91,""severity"":""critical""},""cloudPublishTimestamp"":""2026-05-03T23:45:58.419224Z"",""cloudReceivedTimestamp"":""2026-05-03T23:50:33.111365Z"",""deviceId"":""conveyor-009"",""deviceType"":""conveyor"",""directPublisherReceivedTimestamp"":""2026-05-03T23:45:58.419213Z"",""edgeReceivedTimestamp"":null,""experimentId"":""budgeted_800k_s0_s1_s2"",""filteredTimestamp"":null,""groundTruth"":{""anomalyType"":""jam"",""isAnomaly"":true},""messageType"":""alert"",""normalizedTimestamp"":null,""runId"":""s0_90_normal_rep2_full_20260504_013601"",""scenario"":""S0_CLOUD_ONLY"",""sensorTimestamp"":""2026-01-01T00:01:01.922222Z"",""sequence"":56}",s0_90_normal_rep2_full_20260504_013601,S0_CLOUD_ONLY,2026-01-01T00:01:01.922222Z,56
budgeted_800k_s0_s1_s2|S0_CLOUD_ONLY|s0_90_normal_rep2_full_20260504_013601,telemetry|s0-cloud-publisher-b|device|conveyor-009|000000000057|45274,2026-05-03T23:50:35.255353Z,jam,"{""anomalyType"":""jam"",""isAnomaly"":true,""matchedRules"":[""conveyor.jam""],""score"":0.91,""severity"":""critical""}",True,2026-05-03T23:45:59.520199Z,2026-05-03T23:50:35.255048Z,conveyor-009,conveyor,2026-05-03T23:45:59.520187Z,budgeted_800k_s0_s1_s2,"{""anomalyType"":""jam"",""isAnomaly"":true}",2026-05-03T23:46:04.65,alert,s0-cloud-publisher-b,,"{""alertTimestamp"":""2026-05-03T23:50:35.255353Z"",""anomalyTimestamp"":null,""cloudDetection"":{""anomalyType"":""jam"",""isAnomaly"":true,""matchedRules"":[""conveyor.jam""],""score"":0.91,""severity"":""critical""},""cloudPublishTimestamp"":""2026-05-03T23:45:59.520199Z"",""cloudReceivedTimestamp"":""2026-05-03T23:50:35.255048Z"",""deviceId"":""conveyor-009"",""deviceType"":""conveyor"",""directPublisherReceivedTimestamp"":""2026-05-03T23:45:59.520187Z"",""edgeReceivedTimestamp"":null,""experimentId"":""budgeted_800k_s0_s1_s2"",""filteredTimestamp"":null,""groundTruth"":{""anomalyType"":""jam"",""isAnomaly"":true},""messageType"":""alert"",""normalizedTimestamp"":null,""runId"":""s0_90_normal_rep2_full_20260504_013601"",""scenario"":""S0_CLOUD_ONLY"",""sensorTimestamp"":""2026-01-01T00:01:03.033333Z"",""sequence"":57}",s0_90_normal_rep2_full_20260504_013601,S0_CLOUD_ONLY,2026-01-01T00:01:03.033333Z,57
budgeted_800k_s0_s1_s2|S0_CLOUD_ONLY|s0_90_normal_rep2_full_20260504_013601,telemetry|s0-cloud-publisher-b|device|conveyor-009|000000000058|45374,2026-05-03T23:50:37.418168Z,jam,"{""anomalyType"":""jam"",""isAnomaly"":true,""matchedRules"":[""conveyor.jam""],""score"":0.91,""severity"":""critical""}",True,2026-05-03T23:46:00.635694Z,2026-05-03T23:50:37.417926Z,conveyor-009,conveyor,2026-05-03T23:46:00.635687Z,budgeted_800k_s0_s1_s2,"{""anomalyType"":""jam"",""isAnomaly"":true}",2026-05-03T23:46:05.9,alert,s0-cloud-publisher-b,,"{""alertTimestamp"":""2026-05-03T23:50:37.418168Z"",""anomalyTimestamp"":null,""cloudDetection"":{""anomalyType"":""jam"",""isAnomaly"":true,""matchedRules"":[""conveyor.jam""],""score"":0.91,""severity"":""critical""},""cloudPublishTimestamp"":""2026-05-03T23:46:00.635694Z"",""cloudReceivedTimestamp"":""2026-05-03T23:50:37.417926Z"",""deviceId"":""conveyor-009"",""deviceType"":""conveyor"",""directPublisherReceivedTimestamp"":""2026-05-03T23:46:00.635687Z"",""edgeReceivedTimestamp"":null,""experimentId"":""budgeted_800k_s0_s1_s2"",""filteredTimestamp"":null,""groundTruth"":{""anomalyType"":""jam"",""isAnomaly"":true},""messageType"":""alert"",""normalizedTimestamp"":null,""runId"":""s0_90_normal_rep2_full_20260504_013601"",""scenario"":""S0_CLOUD_ONLY"",""sensorTimestamp"":""2026-01-01T00:01:04.144444Z"",""sequence"":58}",s0_90_normal_rep2_full_20260504_013601,S0_CLOUD_ONLY,2026-01-01T00:01:04.144444Z,58
budgeted_800k_s0_s1_s2|S0_CLOUD_ONLY|s0_90_normal_rep2_full_20260504_013601,telemetry|s0-cloud-publisher-b|device|conveyor-009|000000000059|45473,2026-05-03T23:50:39.570173Z,jam,"{""anomalyType"":""jam"",""isAnomaly"":true,""matchedRules"":[""conveyor.jam""],""score"":0.91,""severity"":""critical""}",True,2026-05-03T23:46:01.732505Z,2026-05-03T23:50:39.569971Z,conveyor-009,conveyor,2026-05-03T23:46:01.732494Z,budgeted_800k_s0_s1_s2,"{""anomalyType"":""jam"",""isAnomaly"":true}",2026-05-03T23:46:07.057,alert,s0-cloud-publisher-b,,"{""alertTimestamp"":""2026-05-03T23:50:39.570173Z"",""anomalyTimestamp"":null,""cloudDetection"":{""anomalyType"":""jam"",""isAnomaly"":true,""matchedRules"":[""conveyor.jam""],""score"":0.91,""severity"":""critical""},""cloudPublishTimestamp"":""2026-05-03T23:46:01.732505Z"",""cloudReceivedTimestamp"":""2026-05-03T23:50:39.569971Z"",""deviceId"":""conveyor-009"",""deviceType"":""conveyor"",""directPublisherReceivedTimestamp"":""2026-05-03T23:46:01.732494Z"",""edgeReceivedTimestamp"":null,""experimentId"":""budgeted_800k_s0_s1_s2"",""filteredTimestamp"":null,""groundTruth"":{""anomalyType"":""jam"",""isAnomaly"":true},""messageType"":""alert"",""normalizedTimestamp"":null,""runId"":""s0_90_normal_rep2_full_20260504_013601"",""scenario"":""S0_CLOUD_ONLY"",""sensorTimestamp"":""2026-01-01T00:01:05.255556Z"",""sequence"":59}",s0_90_normal_rep2_full_20260504_013601,S0_CLOUD_ONLY,2026-01-01T00:01:05.255556Z,59
budgeted_800k_s0_s1_s2|S0_CLOUD_ONLY|s0_90_normal_rep2_full_20260504_013601,telemetry|s0-cloud-publisher-b|device|conveyor-009|000000000060|45573,2026-05-03T23:50:41.929630Z,jam,"{""anomalyType"":""jam"",""isAnomaly"":true,""matchedRules"":[""conveyor.jam""],""score"":0.91,""severity"":""critical""}",True,2026-05-03T23:46:02.862752Z,2026-05-03T23:50:41.929361Z,conveyor-009,conveyor,2026-05-03T23:46:02.862746Z,budgeted_800k_s0_s1_s2,"{""anomalyType"":""jam"",""isAnomaly"":true}",2026-05-03T23:46:08.307,alert,s0-cloud-publisher-b,,"{""alertTimestamp"":""2026-05-03T23:50:41.929630Z"",""anomalyTimestamp"":null,""cloudDetection"":{""anomalyType"":""jam"",""isAnomaly"":true,""matchedRules"":[""conveyor.jam""],""score"":0.91,""severity"":""critical""},""cloudPublishTimestamp"":""2026-05-03T23:46:02.862752Z"",""cloudReceivedTimestamp"":""2026-05-03T23:50:41.929361Z"",""deviceId"":""conveyor-009"",""deviceType"":""conveyor"",""directPublisherReceivedTimestamp"":""2026-05-03T23:46:02.862746Z"",""edgeReceivedTimestamp"":null,""experimentId"":""budgeted_800k_s0_s1_s2"",""filteredTimestamp"":null,""groundTruth"":{""anomalyType"":""jam"",""isAnomaly"":true},""messageType"":""alert"",""normalizedTimestamp"":null,""runId"":""s0_90_normal_rep2_full_20260504_013601"",""scenario"":""S0_CLOUD_ONLY"",""sensorTimestamp"":""2026-01-01T00:01:06.366667Z"",""sequence"":60}",s0_90_normal_rep2_full_20260504_013601,S0_CLOUD_ONLY,2026-01-01T00:01:06.366667Z,60
budgeted_800k_s0_s1_s2|S0_CLOUD_ONLY|s0_90_normal_rep2_full_20260504_013601,telemetry|s0-cloud-publisher-b|device|conveyor-009|000000000061|45670,2026-05-03T23:50:44.200764Z,jam,"{""anomalyType"":""jam"",""isAnomaly"":true,""matchedRules"":[""conveyor.jam""],""score"":0.91,""severity"":""critical""}",True,2026-05-03T23:46:03.943124Z,2026-05-03T23:50:44.200521Z,conveyor-009,conveyor,2026-05-03T23:46:03.943113Z,budgeted_800k_s0_s1_s2,"{""anomalyType"":""jam"",""isAnomaly"":true}",2026-05-03T23:46:09.463,alert,s0-cloud-publisher-b,,"{""alertTimestamp"":""2026-05-03T23:50:44.200764Z"",""anomalyTimestamp"":null,""cloudDetection"":{""anomalyType"":""jam"",""isAnomaly"":true,""matchedRules"":[""conveyor.jam""],""score"":0.91,""severity"":""critical""},""cloudPublishTimestamp"":""2026-05-03T23:46:03.943124Z"",""cloudReceivedTimestamp"":""2026-05-03T23:50:44.200521Z"",""deviceId"":""conveyor-009"",""deviceType"":""conveyor"",""directPublisherReceivedTimestamp"":""2026-05-03T23:46:03.943113Z"",""edgeReceivedTimestamp"":null,""experimentId"":""budgeted_800k_s0_s1_s2"",""filteredTimestamp"":null,""groundTruth"":{""anomalyType"":""jam"",""isAnomaly"":true},""messageType"":""alert"",""normalizedTimestamp"":null,""runId"":""s0_90_normal_rep2_full_20260504_013601"",""scenario"":""S0_CLOUD_ONLY"",""sensorTimestamp"":""2026-01-01T00:01:07.477778Z"",""sequence"":61}",s0_90_normal_rep2_full_20260504_013601,S0_CLOUD_ONLY,2026-01-01T00:01:07.477778Z,61
budgeted_800k_s0_s1_s2|S0_CLOUD_ONLY|s0_90_normal_rep2_full_20260504_013601,telemetry|s0-cloud-publisher-b|device|conveyor-009|000000000062|45770,2026-05-03T23:50:46.460252Z,jam,"{""anomalyType"":""jam"",""isAnomaly"":true,""matchedRules"":[""conveyor.jam""],""score"":0.91,""severity"":""critical""}",True,2026-05-03T23:46:05.098463Z,2026-05-03T23:50:46.460012Z,conveyor-009,conveyor,2026-05-03T23:46:05.098452Z,budgeted_800k_s0_s1_s2,"{""anomalyType"":""jam"",""isAnomaly"":true}",2026-05-03T23:46:10.604,alert,s0-cloud-publisher-b,,"{""alertTimestamp"":""2026-05-03T23:50:46.460252Z"",""anomalyTimestamp"":null,""cloudDetection"":{""anomalyType"":""jam"",""isAnomaly"":true,""matchedRules"":[""conveyor.jam""],""score"":0.91,""severity"":""critical""},""cloudPublishTimestamp"":""2026-05-03T23:46:05.098463Z"",""cloudReceivedTimestamp"":""2026-05-03T23:50:46.460012Z"",""deviceId"":""conveyor-009"",""deviceType"":""conveyor"",""directPublisherReceivedTimestamp"":""2026-05-03T23:46:05.098452Z"",""edgeReceivedTimestamp"":null,""experimentId"":""budgeted_800k_s0_s1_s2"",""filteredTimestamp"":null,""groundTruth"":{""anomalyType"":""jam"",""isAnomaly"":true},""messageType"":""alert"",""normalizedTimestamp"":null,""runId"":""s0_90_normal_rep2_full_20260504_013601"",""scenario"":""S0_CLOUD_ONLY"",""sensorTimestamp"":""2026-01-01T00:01:08.588889Z"",""sequence"":62}",s0_90_normal_rep2_full_20260504_013601,S0_CLOUD_ONLY,2026-01-01T00:01:08.588889Z,62
budgeted_800k_s0_s1_s2|S0_CLOUD_ONLY|s0_90_normal_rep2_full_20260504_013601,telemetry|s0-cloud-publisher-b|device|conveyor-009|000000000063|45870,2026-05-03T23:50:48.595417Z,jam,"{""anomalyType"":""jam"",""isAnomaly"":true,""matchedRules"":[""conveyor.jam""],""score"":0.91,""severity"":""critical""}",True,2026-05-03T23:46:06.192333Z,2026-05-03T23:50:48.595186Z,conveyor-009,conveyor,2026-05-03T23:46:06.192327Z,budgeted_800k_s0_s1_s2,"{""anomalyType"":""jam"",""isAnomaly"":true}",2026-05-03T23:46:11.87,alert,s0-cloud-publisher-b,,"{""alertTimestamp"":""2026-05-03T23:50:48.595417Z"",""anomalyTimestamp"":null,""cloudDetection"":{""anomalyType"":""jam"",""isAnomaly"":true,""matchedRules"":[""conveyor.jam""],""score"":0.91,""severity"":""critical""},""cloudPublishTimestamp"":""2026-05-03T23:46:06.192333Z"",""cloudReceivedTimestamp"":""2026-05-03T23:50:48.595186Z"",""deviceId"":""conveyor-009"",""deviceType"":""conveyor"",""directPublisherReceivedTimestamp"":""2026-05-03T23:46:06.192327Z"",""edgeReceivedTimestamp"":null,""experimentId"":""budgeted_800k_s0_s1_s2"",""filteredTimestamp"":null,""groundTruth"":{""anomalyType"":""jam"",""isAnomaly"":true},""messageType"":""alert"",""normalizedTimestamp"":null,""runId"":""s0_90_normal_rep2_full_20260504_013601"",""scenario"":""S0_CLOUD_ONLY"",""sensorTimestamp"":""2026-01-01T00:01:09.700000Z"",""sequence"":63}",s0_90_normal_rep2_full_20260504_013601,S0_CLOUD_ONLY,2026-01-01T00:01:09.700000Z,63
budgeted_800k_s0_s1_s2|S0_CLOUD_ONLY|s0_90_normal_rep2_full_20260504_013601,telemetry|s0-cloud-publisher-b|device|conveyor-009|000000000064|45970,2026-05-03T23:50:50.713281Z,jam,"{""anomalyType"":""jam"",""isAnomaly"":true,""matchedRules"":[""conveyor.jam""],""score"":0.91,""severity"":""critical""}",True,2026-05-03T23:46:07.309732Z,2026-05-03T23:50:50.713058Z,conveyor-009,conveyor,2026-05-03T23:46:07.309719Z,budgeted_800k_s0_s1_s2,"{""anomalyType"":""jam"",""isAnomaly"":true}",2026-05-03T23:46:13.105,alert,s0-cloud-publisher-b,,"{""alertTimestamp"":""2026-05-03T23:50:50.713281Z"",""anomalyTimestamp"":null,""cloudDetection"":{""anomalyType"":""jam"",""isAnomaly"":true,""matchedRules"":[""conveyor.jam""],""score"":0.91,""severity"":""critical""},""cloudPublishTimestamp"":""2026-05-03T23:46:07.309732Z"",""cloudReceivedTimestamp"":""2026-05-03T23:50:50.713058Z"",""deviceId"":""conveyor-009"",""deviceType"":""conveyor"",""directPublisherReceivedTimestamp"":""2026-05-03T23:46:07.309719Z"",""edgeReceivedTimestamp"":null,""experimentId"":""budgeted_800k_s0_s1_s2"",""filteredTimestamp"":null,""groundTruth"":{""anomalyType"":""jam"",""isAnomaly"":true},""messageType"":""alert"",""normalizedTimestamp"":null,""runId"":""s0_90_normal_rep2_full_20260504_013601"",""scenario"":""S0_CLOUD_ONLY"",""sensorTimestamp"":""2026-01-01T00:01:10.811111Z"",""sequence"":64}",s0_90_normal_rep2_full_20260504_013601,S0_CLOUD_ONLY,2026-01-01T00:01:10.811111Z,64
budgeted_800k_s0_s1_s2|S0_CLOUD_ONLY|s0_90_normal_rep2_full_20260504_013601,telemetry|s0-cloud-publisher-b|device|conveyor-009|000000000065|46070,2026-05-03T23:50:52.868870Z,jam,"{""anomalyType"":""jam"",""isAnomaly"":true,""matchedRules"":[""conveyor.jam""],""score"":0.91,""severity"":""critical""}",True,2026-05-03T23:46:08.394625Z,2026-05-03T23:50:52.868622Z,conveyor-009,conveyor,2026-05-03T23:46:08.394613Z,budgeted_800k_s0_s1_s2,"{""anomalyType"":""jam"",""isAnomaly"":true}",2026-05-03T23:46:14.277,alert,s0-cloud-publisher-b,,"{""alertTimestamp"":""2026-05-03T23:50:52.868870Z"",""anomalyTimestamp"":null,""cloudDetection"":{""anomalyType"":""jam"",""isAnomaly"":true,""matchedRules"":[""conveyor.jam""],""score"":0.91,""severity"":""critical""},""cloudPublishTimestamp"":""2026-05-03T23:46:08.394625Z"",""cloudReceivedTimestamp"":""2026-05-03T23:50:52.868622Z"",""deviceId"":""conveyor-009"",""deviceType"":""conveyor"",""directPublisherReceivedTimestamp"":""2026-05-03T23:46:08.394613Z"",""edgeReceivedTimestamp"":null,""experimentId"":""budgeted_800k_s0_s1_s2"",""filteredTimestamp"":null,""groundTruth"":{""anomalyType"":""jam"",""isAnomaly"":true},""messageType"":""alert"",""normalizedTimestamp"":null,""runId"":""s0_90_normal_rep2_full_20260504_013601"",""scenario"":""S0_CLOUD_ONLY"",""sensorTimestamp"":""2026-01-01T00:01:11.922222Z"",""sequence"":65}",s0_90_normal_rep2_full_20260504_013601,S0_CLOUD_ONLY,2026-01-01T00:01:11.922222Z,65
budgeted_800k_s0_s1_s2|S0_CLOUD_ONLY|s0_90_normal_rep2_full_20260504_013601,telemetry|s0-cloud-publisher-b|device|conveyor-009|000000000066|46170,2026-05-03T23:50:55.298680Z,jam,"{""anomalyType"":""jam"",""isAnomaly"":true,""matchedRules"":[""conveyor.jam""],""score"":0.91,""severity"":""critical""}",True,2026-05-03T23:46:09.524397Z,2026-05-03T23:50:55.298488Z,conveyor-009,conveyor,2026-05-03T23:46:09.524386Z,budgeted_800k_s0_s1_s2,"{""anomalyType"":""jam"",""isAnomaly"":true}",2026-05-03T23:46:15.433,alert,s0-cloud-publisher-b,,"{""alertTimestamp"":""2026-05-03T23:50:55.298680Z"",""anomalyTimestamp"":null,""cloudDetection"":{""anomalyType"":""jam"",""isAnomaly"":true,""matchedRules"":[""conveyor.jam""],""score"":0.91,""severity"":""critical""},""cloudPublishTimestamp"":""2026-05-03T23:46:09.524397Z"",""cloudReceivedTimestamp"":""2026-05-03T23:50:55.298488Z"",""deviceId"":""conveyor-009"",""deviceType"":""conveyor"",""directPublisherReceivedTimestamp"":""2026-05-03T23:46:09.524386Z"",""edgeReceivedTimestamp"":null,""experimentId"":""budgeted_800k_s0_s1_s2"",""filteredTimestamp"":null,""groundTruth"":{""anomalyType"":""jam"",""isAnomaly"":true},""messageType"":""alert"",""normalizedTimestamp"":null,""runId"":""s0_90_normal_rep2_full_20260504_013601"",""scenario"":""S0_CLOUD_ONLY"",""sensorTimestamp"":""2026-01-01T00:01:13.033333Z"",""sequence"":66}",s0_90_normal_rep2_full_20260504_013601,S0_CLOUD_ONLY,2026-01-01T00:01:13.033333Z,66
budgeted_800k_s0_s1_s2|S0_CLOUD_ONLY|s0_90_normal_rep2_full_20260504_013601,telemetry|s0-cloud-publisher-b|device|conveyor-009|000000000067|46269,2026-05-03T23:50:57.608069Z,jam,"{""anomalyType"":""jam"",""isAnomaly"":true,""matchedRules"":[""conveyor.jam""],""score"":0.91,""severity"":""critical""}",True,2026-05-03T23:46:10.613436Z,2026-05-03T23:50:57.607820Z,conveyor-009,conveyor,2026-05-03T23:46:10.613429Z,budgeted_800k_s0_s1_s2,"{""anomalyType"":""jam"",""isAnomaly"":true}",2026-05-03T23:46:16.574,alert,s0-cloud-publisher-b,,"{""alertTimestamp"":""2026-05-03T23:50:57.608069Z"",""anomalyTimestamp"":null,""cloudDetection"":{""anomalyType"":""jam"",""isAnomaly"":true,""matchedRules"":[""conveyor.jam""],""score"":0.91,""severity"":""critical""},""cloudPublishTimestamp"":""2026-05-03T23:46:10.613436Z"",""cloudReceivedTimestamp"":""2026-05-03T23:50:57.607820Z"",""deviceId"":""conveyor-009"",""deviceType"":""conveyor"",""directPublisherReceivedTimestamp"":""2026-05-03T23:46:10.613429Z"",""edgeReceivedTimestamp"":null,""experimentId"":""budgeted_800k_s0_s1_s2"",""filteredTimestamp"":null,""groundTruth"":{""anomalyType"":""jam"",""isAnomaly"":true},""messageType"":""alert"",""normalizedTimestamp"":null,""runId"":""s0_90_normal_rep2_full_20260504_013601"",""scenario"":""S0_CLOUD_ONLY"",""sensorTimestamp"":""2026-01-01T00:01:14.144444Z"",""sequence"":67}",s0_90_normal_rep2_full_20260504_013601,S0_CLOUD_ONLY,2026-01-01T00:01:14.144444Z,67
budgeted_800k_s0_s1_s2|S0_CLOUD_ONLY|s0_90_normal_rep2_full_20260504_013601,telemetry|s0-cloud-publisher-b|device|conveyor-009|000000000068|46369,2026-05-03T23:51:00.130867Z,jam,"{""anomalyType"":""jam"",""isAnomaly"":true,""matchedRules"":[""conveyor.jam""],""score"":0.91,""severity"":""critical""}",True,2026-05-03T23:46:11.723992Z,2026-05-03T23:51:00.130582Z,conveyor-009,conveyor,2026-05-03T23:46:11.723980Z,budgeted_800k_s0_s1_s2,"{""anomalyType"":""jam"",""isAnomaly"":true}",2026-05-03T23:46:17.84,alert,s0-cloud-publisher-b,,"{""alertTimestamp"":""2026-05-03T23:51:00.130867Z"",""anomalyTimestamp"":null,""cloudDetection"":{""anomalyType"":""jam"",""isAnomaly"":true,""matchedRules"":[""conveyor.jam""],""score"":0.91,""severity"":""critical""},""cloudPublishTimestamp"":""2026-05-03T23:46:11.723992Z"",""cloudReceivedTimestamp"":""2026-05-03T23:51:00.130582Z"",""deviceId"":""conveyor-009"",""deviceType"":""conveyor"",""directPublisherReceivedTimestamp"":""2026-05-03T23:46:11.723980Z"",""edgeReceivedTimestamp"":null,""experimentId"":""budgeted_800k_s0_s1_s2"",""filteredTimestamp"":null,""groundTruth"":{""anomalyType"":""jam"",""isAnomaly"":true},""messageType"":""alert"",""normalizedTimestamp"":null,""runId"":""s0_90_normal_rep2_full_20260504_013601"",""scenario"":""S0_CLOUD_ONLY"",""sensorTimestamp"":""2026-01-01T00:01:15.255556Z"",""sequence"":68}",s0_90_normal_rep2_full_20260504_013601,S0_CLOUD_ONLY,2026-01-01T00:01:15.255556Z,68
budgeted_800k_s0_s1_s2|S0_CLOUD_ONLY|s0_90_normal_rep2_full_20260504_013601,telemetry|s0-cloud-publisher-b|device|conveyor-009|000000000069|46467,2026-05-03T23:51:02.637574Z,jam,"{""anomalyType"":""jam"",""isAnomaly"":true,""matchedRules"":[""conveyor.jam""],""score"":0.91,""severity"":""critical""}",True,2026-05-03T23:46:12.826982Z,2026-05-03T23:51:02.637333Z,conveyor-009,conveyor,2026-05-03T23:46:12.826970Z,budgeted_800k_s0_s1_s2,"{""anomalyType"":""jam"",""isAnomaly"":true}",2026-05-03T23:46:19.09,alert,s0-cloud-publisher-b,,"{""alertTimestamp"":""2026-05-03T23:51:02.637574Z"",""anomalyTimestamp"":null,""cloudDetection"":{""anomalyType"":""jam"",""isAnomaly"":true,""matchedRules"":[""conveyor.jam""],""score"":0.91,""severity"":""critical""},""cloudPublishTimestamp"":""2026-05-03T23:46:12.826982Z"",""cloudReceivedTimestamp"":""2026-05-03T23:51:02.637333Z"",""deviceId"":""conveyor-009"",""deviceType"":""conveyor"",""directPublisherReceivedTimestamp"":""2026-05-03T23:46:12.826970Z"",""edgeReceivedTimestamp"":null,""experimentId"":""budgeted_800k_s0_s1_s2"",""filteredTimestamp"":null,""groundTruth"":{""anomalyType"":""jam"",""isAnomaly"":true},""messageType"":""alert"",""normalizedTimestamp"":null,""runId"":""s0_90_normal_rep2_full_20260504_013601"",""scenario"":""S0_CLOUD_ONLY"",""sensorTimestamp"":""2026-01-01T00:01:16.366667Z"",""sequence"":69}",s0_90_normal_rep2_full_20260504_013601,S0_CLOUD_ONLY,2026-01-01T00:01:16.366667Z,69
budgeted_800k_s0_s1_s2|S0_CLOUD_ONLY|s0_90_normal_rep2_full_20260504_013601,telemetry|s0-cloud-publisher-b|device|conveyor-009|000000000070|46567,2026-05-03T23:51:05.142799Z,jam,"{""anomalyType"":""jam"",""isAnomaly"":true,""matchedRules"":[""conveyor.jam""],""score"":0.91,""severity"":""critical""}",True,2026-05-03T23:46:13.930966Z,2026-05-03T23:51:05.142513Z,conveyor-009,conveyor,2026-05-03T23:46:13.930954Z,budgeted_800k_s0_s1_s2,"{""anomalyType"":""jam"",""isAnomaly"":true}",2026-05-03T23:46:20.23,alert,s0-cloud-publisher-b,,"{""alertTimestamp"":""2026-05-03T23:51:05.142799Z"",""anomalyTimestamp"":null,""cloudDetection"":{""anomalyType"":""jam"",""isAnomaly"":true,""matchedRules"":[""conveyor.jam""],""score"":0.91,""severity"":""critical""},""cloudPublishTimestamp"":""2026-05-03T23:46:13.930966Z"",""cloudReceivedTimestamp"":""2026-05-03T23:51:05.142513Z"",""deviceId"":""conveyor-009"",""deviceType"":""conveyor"",""directPublisherReceivedTimestamp"":""2026-05-03T23:46:13.930954Z"",""edgeReceivedTimestamp"":null,""experimentId"":""budgeted_800k_s0_s1_s2"",""filteredTimestamp"":null,""groundTruth"":{""anomalyType"":""jam"",""isAnomaly"":true},""messageType"":""alert"",""normalizedTimestamp"":null,""runId"":""s0_90_normal_rep2_full_20260504_013601"",""scenario"":""S0_CLOUD_ONLY"",""sensorTimestamp"":""2026-01-01T00:01:17.477778Z"",""sequence"":70}",s0_90_normal_rep2_full_20260504_013601,S0_CLOUD_ONLY,2026-01-01T00:01:17.477778Z,70
budgeted_800k_s0_s1_s2|S0_CLOUD_ONLY|s0_90_normal_rep2_full_20260504_013601,telemetry|s0-cloud-publisher-b|device|conveyor-009|000000000071|46667,2026-05-03T23:51:07.568190Z,jam,"{""anomalyType"":""jam"",""isAnomaly"":true,""matchedRules"":[""conveyor.jam""],""score"":0.91,""severity"":""critical""}",True,2026-05-03T23:46:15.046506Z,2026-05-03T23:51:07.567947Z,conveyor-009,conveyor,2026-05-03T23:46:15.046493Z,budgeted_800k_s0_s1_s2,"{""anomalyType"":""jam"",""isAnomaly"":true}",2026-05-03T23:46:21.386,alert,s0-cloud-publisher-b,,"{""alertTimestamp"":""2026-05-03T23:51:07.568190Z"",""anomalyTimestamp"":null,""cloudDetection"":{""anomalyType"":""jam"",""isAnomaly"":true,""matchedRules"":[""conveyor.jam""],""score"":0.91,""severity"":""critical""},""cloudPublishTimestamp"":""2026-05-03T23:46:15.046506Z"",""cloudReceivedTimestamp"":""2026-05-03T23:51:07.567947Z"",""deviceId"":""conveyor-009"",""deviceType"":""conveyor"",""directPublisherReceivedTimestamp"":""2026-05-03T23:46:15.046493Z"",""edgeReceivedTimestamp"":null,""experimentId"":""budgeted_800k_s0_s1_s2"",""filteredTimestamp"":null,""groundTruth"":{""anomalyType"":""jam"",""isAnomaly"":true},""messageType"":""alert"",""normalizedTimestamp"":null,""runId"":""s0_90_normal_rep2_full_20260504_013601"",""scenario"":""S0_CLOUD_ONLY"",""sensorTimestamp"":""2026-01-01T00:01:18.588889Z"",""sequence"":71}",s0_90_normal_rep2_full_20260504_013601,S0_CLOUD_ONLY,2026-01-01T00:01:18.588889Z,71
budgeted_800k_s0_s1_s2|S0_CLOUD_ONLY|s0_90_normal_rep2_full_20260504_013601,telemetry|s0-cloud-publisher-b|device|conveyor-009|000000000072|46766,2026-05-03T23:51:09.846644Z,jam,"{""anomalyType"":""jam"",""isAnomaly"":true,""matchedRules"":[""conveyor.jam""],""score"":0.91,""severity"":""critical""}",True,2026-05-03T23:46:16.197756Z,2026-05-03T23:51:09.846358Z,conveyor-009,conveyor,2026-05-03T23:46:16.197742Z,budgeted_800k_s0_s1_s2,"{""anomalyType"":""jam"",""isAnomaly"":true}",2026-05-03T23:46:22.668,alert,s0-cloud-publisher-b,,"{""alertTimestamp"":""2026-05-03T23:51:09.846644Z"",""anomalyTimestamp"":null,""cloudDetection"":{""anomalyType"":""jam"",""isAnomaly"":true,""matchedRules"":[""conveyor.jam""],""score"":0.91,""severity"":""critical""},""cloudPublishTimestamp"":""2026-05-03T23:46:16.197756Z"",""cloudReceivedTimestamp"":""2026-05-03T23:51:09.846358Z"",""deviceId"":""conveyor-009"",""deviceType"":""conveyor"",""directPublisherReceivedTimestamp"":""2026-05-03T23:46:16.197742Z"",""edgeReceivedTimestamp"":null,""experimentId"":""budgeted_800k_s0_s1_s2"",""filteredTimestamp"":null,""groundTruth"":{""anomalyType"":""jam"",""isAnomaly"":true},""messageType"":""alert"",""normalizedTimestamp"":null,""runId"":""s0_90_normal_rep2_full_20260504_013601"",""scenario"":""S0_CLOUD_ONLY"",""sensorTimestamp"":""2026-01-01T00:01:19.700000Z"",""sequence"":72}",s0_90_normal_rep2_full_20260504_013601,S0_CLOUD_ONLY,2026-01-01T00:01:19.700000Z,72
budgeted_800k_s0_s1_s2|S0_CLOUD_ONLY|s0_90_normal_rep2_full_20260504_013601,telemetry|s0-cloud-publisher-b|device|conveyor-009|000000000073|46865,2026-05-03T23:51:12.112428Z,jam,"{""anomalyType"":""jam"",""isAnomaly"":true,""matchedRules"":[""conveyor.jam""],""score"":0.91,""severity"":""critical""}",True,2026-05-03T23:46:17.307579Z,2026-05-03T23:51:12.112200Z,conveyor-009,conveyor,2026-05-03T23:46:17.307567Z,budgeted_800k_s0_s1_s2,"{""anomalyType"":""jam"",""isAnomaly"":true}",2026-05-03T23:46:23.809,alert,s0-cloud-publisher-b,,"{""alertTimestamp"":""2026-05-03T23:51:12.112428Z"",""anomalyTimestamp"":null,""cloudDetection"":{""anomalyType"":""jam"",""isAnomaly"":true,""matchedRules"":[""conveyor.jam""],""score"":0.91,""severity"":""critical""},""cloudPublishTimestamp"":""2026-05-03T23:46:17.307579Z"",""cloudReceivedTimestamp"":""2026-05-03T23:51:12.112200Z"",""deviceId"":""conveyor-009"",""deviceType"":""conveyor"",""directPublisherReceivedTimestamp"":""2026-05-03T23:46:17.307567Z"",""edgeReceivedTimestamp"":null,""experimentId"":""budgeted_800k_s0_s1_s2"",""filteredTimestamp"":null,""groundTruth"":{""anomalyType"":""jam"",""isAnomaly"":true},""messageType"":""alert"",""normalizedTimestamp"":null,""runId"":""s0_90_normal_rep2_full_20260504_013601"",""scenario"":""S0_CLOUD_ONLY"",""sensorTimestamp"":""2026-01-01T00:01:20.811111Z"",""sequence"":73}",s0_90_normal_rep2_full_20260504_013601,S0_CLOUD_ONLY,2026-01-01T00:01:20.811111Z,73
budgeted_800k_s0_s1_s2|S0_CLOUD_ONLY|s0_90_normal_rep2_full_20260504_013601,telemetry|s0-cloud-publisher-b|device|motor-014|000000000046|44118,2026-05-03T23:50:08.602204Z,bearing_fault,"{""anomalyType"":""bearing_fault"",""isAnomaly"":true,""matchedRules"":[""motor.bearing_fault""],""score"":0.92,""severity"":""critical""}",True,2026-05-03T23:45:46.630918Z,2026-05-03T23:50:08.601916Z,motor-014,motor,2026-05-03T23:45:46.630907Z,budgeted_800k_s0_s1_s2,"{""anomalyType"":""bearing_fault"",""isAnomaly"":true}",2026-05-03T23:45:50.802,alert,s0-cloud-publisher-b,,"{""alertTimestamp"":""2026-05-03T23:50:08.602204Z"",""anomalyTimestamp"":null,""cloudDetection"":{""anomalyType"":""bearing_fault"",""isAnomaly"":true,""matchedRules"":[""motor.bearing_fault""],""score"":0.92,""severity"":""critical""},""cloudPublishTimestamp"":""2026-05-03T23:45:46.630918Z"",""cloudReceivedTimestamp"":""2026-05-03T23:50:08.601916Z"",""deviceId"":""motor-014"",""deviceType"":""motor"",""directPublisherReceivedTimestamp"":""2026-05-03T23:45:46.630907Z"",""edgeReceivedTimestamp"":null,""experimentId"":""budgeted_800k_s0_s1_s2"",""filteredTimestamp"":null,""groundTruth"":{""anomalyType"":""bearing_fault"",""isAnomaly"":true},""messageType"":""alert"",""normalizedTimestamp"":null,""runId"":""s0_90_normal_rep2_full_20260504_013601"",""scenario"":""S0_CLOUD_ONLY"",""sensorTimestamp"":""2026-01-01T00:00:50.144444Z"",""sequence"":46}",s0_90_normal_rep2_full_20260504_013601,S0_CLOUD_ONLY,2026-01-01T00:00:50.144444Z,46
budgeted_800k_s0_s1_s2|S0_CLOUD_ONLY|s0_90_normal_rep2_full_20260504_013601,telemetry|s0-cloud-publisher-b|device|motor-014|000000000047|44217,2026-05-03T23:50:10.971349Z,bearing_fault,"{""anomalyType"":""bearing_fault"",""isAnomaly"":true,""matchedRules"":[""motor.bearing_fault""],""score"":0.92,""severity"":""critical""}",True,2026-05-03T23:45:47.736157Z,2026-05-03T23:50:10.971102Z,motor-014,motor,2026-05-03T23:45:47.736144Z,budgeted_800k_s0_s1_s2,"{""anomalyType"":""bearing_fault"",""isAnomaly"":true}",2026-05-03T23:45:51.959,alert,s0-cloud-publisher-b,,"{""alertTimestamp"":""2026-05-03T23:50:10.971349Z"",""anomalyTimestamp"":null,""cloudDetection"":{""anomalyType"":""bearing_fault"",""isAnomaly"":true,""matchedRules"":[""motor.bearing_fault""],""score"":0.92,""severity"":""critical""},""cloudPublishTimestamp"":""2026-05-03T23:45:47.736157Z"",""cloudReceivedTimestamp"":""2026-05-03T23:50:10.971102Z"",""deviceId"":""motor-014"",""deviceType"":""motor"",""directPublisherReceivedTimestamp"":""2026-05-03T23:45:47.736144Z"",""edgeReceivedTimestamp"":null,""experimentId"":""budgeted_800k_s0_s1_s2"",""filteredTimestamp"":null,""groundTruth"":{""anomalyType"":""bearing_fault"",""isAnomaly"":true},""messageType"":""alert"",""normalizedTimestamp"":null,""runId"":""s0_90_normal_rep2_full_20260504_013601"",""scenario"":""S0_CLOUD_ONLY"",""sensorTimestamp"":""2026-01-01T00:00:51.255556Z"",""sequence"":47}",s0_90_normal_rep2_full_20260504_013601,S0_CLOUD_ONLY,2026-01-01T00:00:51.255556Z,47
budgeted_800k_s0_s1_s2|S0_CLOUD_ONLY|s0_90_normal_rep2_full_20260504_013601,telemetry|s0-cloud-publisher-b|device|motor-014|000000000048|44317,2026-05-03T23:50:13.351896Z,bearing_fault,"{""anomalyType"":""bearing_fault"",""isAnomaly"":true,""matchedRules"":[""motor.bearing_fault""],""score"":0.92,""severity"":""critical""}",True,2026-05-03T23:45:48.846542Z,2026-05-03T23:50:13.351632Z,motor-014,motor,2026-05-03T23:45:48.846530Z,budgeted_800k_s0_s1_s2,"{""anomalyType"":""bearing_fault"",""isAnomaly"":true}",2026-05-03T23:45:53.099,alert,s0-cloud-publisher-b,,"{""alertTimestamp"":""2026-05-03T23:50:13.351896Z"",""anomalyTimestamp"":null,""cloudDetection"":{""anomalyType"":""bearing_fault"",""isAnomaly"":true,""matchedRules"":[""motor.bearing_fault""],""score"":0.92,""severity"":""critical""},""cloudPublishTimestamp"":""2026-05-03T23:45:48.846542Z"",""cloudReceivedTimestamp"":""2026-05-03T23:50:13.351632Z"",""deviceId"":""motor-014"",""deviceType"":""motor"",""directPublisherReceivedTimestamp"":""2026-05-03T23:45:48.846530Z"",""edgeReceivedTimestamp"":null,""experimentId"":""budgeted_800k_s0_s1_s2"",""filteredTimestamp"":null,""groundTruth"":{""anomalyType"":""bearing_fault"",""isAnomaly"":true},""messageType"":""alert"",""normalizedTimestamp"":null,""runId"":""s0_90_normal_rep2_full_20260504_013601"",""scenario"":""S0_CLOUD_ONLY"",""sensorTimestamp"":""2026-01-01T00:00:52.366667Z"",""sequence"":48}",s0_90_normal_rep2_full_20260504_013601,S0_CLOUD_ONLY,2026-01-01T00:00:52.366667Z,48
budgeted_800k_s0_s1_s2|S0_CLOUD_ONLY|s0_90_normal_rep2_full_20260504_013601,telemetry|s0-cloud-publisher-b|device|motor-014|000000000049|44416,2026-05-03T23:50:15.537260Z,bearing_fault,"{""anomalyType"":""bearing_fault"",""isAnomaly"":true,""matchedRules"":[""motor.bearing_fault""],""score"":0.92,""severity"":""critical""}",True,2026-05-03T23:45:49.965316Z,2026-05-03T23:50:15.537065Z,motor-014,motor,2026-05-03T23:45:49.965305Z,budgeted_800k_s0_s1_s2,"{""anomalyType"":""bearing_fault"",""isAnomaly"":true}",2026-05-03T23:45:54.35,alert,s0-cloud-publisher-b,,"{""alertTimestamp"":""2026-05-03T23:50:15.537260Z"",""anomalyTimestamp"":null,""cloudDetection"":{""anomalyType"":""bearing_fault"",""isAnomaly"":true,""matchedRules"":[""motor.bearing_fault""],""score"":0.92,""severity"":""critical""},""cloudPublishTimestamp"":""2026-05-03T23:45:49.965316Z"",""cloudReceivedTimestamp"":""2026-05-03T23:50:15.537065Z"",""deviceId"":""motor-014"",""deviceType"":""motor"",""directPublisherReceivedTimestamp"":""2026-05-03T23:45:49.965305Z"",""edgeReceivedTimestamp"":null,""experimentId"":""budgeted_800k_s0_s1_s2"",""filteredTimestamp"":null,""groundTruth"":{""anomalyType"":""bearing_fault"",""isAnomaly"":true},""messageType"":""alert"",""normalizedTimestamp"":null,""runId"":""s0_90_normal_rep2_full_20260504_013601"",""scenario"":""S0_CLOUD_ONLY"",""sensorTimestamp"":""2026-01-01T00:00:53.477778Z"",""sequence"":49}",s0_90_normal_rep2_full_20260504_013601,S0_CLOUD_ONLY,2026-01-01T00:00:53.477778Z,49
budgeted_800k_s0_s1_s2|S0_CLOUD_ONLY|s0_90_normal_rep2_full_20260504_013601,telemetry|s0-cloud-publisher-b|device|motor-014|000000000050|44516,2026-05-03T23:50:17.755256Z,bearing_fault,"{""anomalyType"":""bearing_fault"",""isAnomaly"":true,""matchedRules"":[""motor.bearing_fault""],""score"":0.92,""severity"":""critical""}",True,2026-05-03T23:45:51.047477Z,2026-05-03T23:50:17.755024Z,motor-014,motor,2026-05-03T23:45:51.047472Z,budgeted_800k_s0_s1_s2,"{""anomalyType"":""bearing_fault"",""isAnomaly"":true}",2026-05-03T23:45:55.6,alert,s0-cloud-publisher-b,,"{""alertTimestamp"":""2026-05-03T23:50:17.755256Z"",""anomalyTimestamp"":null,""cloudDetection"":{""anomalyType"":""bearing_fault"",""isAnomaly"":true,""matchedRules"":[""motor.bearing_fault""],""score"":0.92,""severity"":""critical""},""cloudPublishTimestamp"":""2026-05-03T23:45:51.047477Z"",""cloudReceivedTimestamp"":""2026-05-03T23:50:17.755024Z"",""deviceId"":""motor-014"",""deviceType"":""motor"",""directPublisherReceivedTimestamp"":""2026-05-03T23:45:51.047472Z"",""edgeReceivedTimestamp"":null,""experimentId"":""budgeted_800k_s0_s1_s2"",""filteredTimestamp"":null,""groundTruth"":{""anomalyType"":""bearing_fault"",""isAnomaly"":true},""messageType"":""alert"",""normalizedTimestamp"":null,""runId"":""s0_90_normal_rep2_full_20260504_013601"",""scenario"":""S0_CLOUD_ONLY"",""sensorTimestamp"":""2026-01-01T00:00:54.588889Z"",""sequence"":50}",s0_90_normal_rep2_full_20260504_013601,S0_CLOUD_ONLY,2026-01-01T00:00:54.588889Z,50
budgeted_800k_s0_s1_s2|S0_CLOUD_ONLY|s0_90_normal_rep2_full_20260504_013601,telemetry|s0-cloud-publisher-b|device|motor-014|000000000051|44616,2026-05-03T23:50:20.084819Z,bearing_fault,"{""anomalyType"":""bearing_fault"",""isAnomaly"":true,""matchedRules"":[""motor.bearing_fault""],""score"":0.92,""severity"":""critical""}",True,2026-05-03T23:45:52.208782Z,2026-05-03T23:50:20.084377Z,motor-014,motor,2026-05-03T23:45:52.208770Z,budgeted_800k_s0_s1_s2,"{""anomalyType"":""bearing_fault"",""isAnomaly"":true}",2026-05-03T23:45:56.757,alert,s0-cloud-publisher-b,,"{""alertTimestamp"":""2026-05-03T23:50:20.084819Z"",""anomalyTimestamp"":null,""cloudDetection"":{""anomalyType"":""bearing_fault"",""isAnomaly"":true,""matchedRules"":[""motor.bearing_fault""],""score"":0.92,""severity"":""critical""},""cloudPublishTimestamp"":""2026-05-03T23:45:52.208782Z"",""cloudReceivedTimestamp"":""2026-05-03T23:50:20.084377Z"",""deviceId"":""motor-014"",""deviceType"":""motor"",""directPublisherReceivedTimestamp"":""2026-05-03T23:45:52.208770Z"",""edgeReceivedTimestamp"":null,""experimentId"":""budgeted_800k_s0_s1_s2"",""filteredTimestamp"":null,""groundTruth"":{""anomalyType"":""bearing_fault"",""isAnomaly"":true},""messageType"":""alert"",""normalizedTimestamp"":null,""runId"":""s0_90_normal_rep2_full_20260504_013601"",""scenario"":""S0_CLOUD_ONLY"",""sensorTimestamp"":""2026-01-01T00:00:55.700000Z"",""sequence"":51}",s0_90_normal_rep2_full_20260504_013601,S0_CLOUD_ONLY,2026-01-01T00:00:55.700000Z,51
budgeted_800k_s0_s1_s2|S0_CLOUD_ONLY|s0_90_normal_rep2_full_20260504_013601,telemetry|s0-cloud-publisher-b|device|motor-014|000000000052|44715,2026-05-03T23:50:22.319737Z,bearing_fault,"{""anomalyType"":""bearing_fault"",""isAnomaly"":true,""matchedRules"":[""motor.bearing_fault""],""score"":0.92,""severity"":""critical""}",True,2026-05-03T23:45:53.315598Z,2026-05-03T23:50:22.319480Z,motor-014,motor,2026-05-03T23:45:53.315592Z,budgeted_800k_s0_s1_s2,"{""anomalyType"":""bearing_fault"",""isAnomaly"":true}",2026-05-03T23:45:57.913,alert,s0-cloud-publisher-b,,"{""alertTimestamp"":""2026-05-03T23:50:22.319737Z"",""anomalyTimestamp"":null,""cloudDetection"":{""anomalyType"":""bearing_fault"",""isAnomaly"":true,""matchedRules"":[""motor.bearing_fault""],""score"":0.92,""severity"":""critical""},""cloudPublishTimestamp"":""2026-05-03T23:45:53.315598Z"",""cloudReceivedTimestamp"":""2026-05-03T23:50:22.319480Z"",""deviceId"":""motor-014"",""deviceType"":""motor"",""directPublisherReceivedTimestamp"":""2026-05-03T23:45:53.315592Z"",""edgeReceivedTimestamp"":null,""experimentId"":""budgeted_800k_s0_s1_s2"",""filteredTimestamp"":null,""groundTruth"":{""anomalyType"":""bearing_fault"",""isAnomaly"":true},""messageType"":""alert"",""normalizedTimestamp"":null,""runId"":""s0_90_normal_rep2_full_20260504_013601"",""scenario"":""S0_CLOUD_ONLY"",""sensorTimestamp"":""2026-01-01T00:00:56.811111Z"",""sequence"":52}",s0_90_normal_rep2_full_20260504_013601,S0_CLOUD_ONLY,2026-01-01T00:00:56.811111Z,52
budgeted_800k_s0_s1_s2|S0_CLOUD_ONLY|s0_90_normal_rep2_full_20260504_013601,telemetry|s0-cloud-publisher-b|device|motor-014|000000000053|44815,2026-05-03T23:50:24.695313Z,bearing_fault,"{""anomalyType"":""bearing_fault"",""isAnomaly"":true,""matchedRules"":[""motor.bearing_fault""],""score"":0.92,""severity"":""critical""}",True,2026-05-03T23:45:54.413150Z,2026-05-03T23:50:24.695076Z,motor-014,motor,2026-05-03T23:45:54.413139Z,budgeted_800k_s0_s1_s2,"{""anomalyType"":""bearing_fault"",""isAnomaly"":true}",2026-05-03T23:45:59.163,alert,s0-cloud-publisher-b,,"{""alertTimestamp"":""2026-05-03T23:50:24.695313Z"",""anomalyTimestamp"":null,""cloudDetection"":{""anomalyType"":""bearing_fault"",""isAnomaly"":true,""matchedRules"":[""motor.bearing_fault""],""score"":0.92,""severity"":""critical""},""cloudPublishTimestamp"":""2026-05-03T23:45:54.413150Z"",""cloudReceivedTimestamp"":""2026-05-03T23:50:24.695076Z"",""deviceId"":""motor-014"",""deviceType"":""motor"",""directPublisherReceivedTimestamp"":""2026-05-03T23:45:54.413139Z"",""edgeReceivedTimestamp"":null,""experimentId"":""budgeted_800k_s0_s1_s2"",""filteredTimestamp"":null,""groundTruth"":{""anomalyType"":""bearing_fault"",""isAnomaly"":true},""messageType"":""alert"",""normalizedTimestamp"":null,""runId"":""s0_90_normal_rep2_full_20260504_013601"",""scenario"":""S0_CLOUD_ONLY"",""sensorTimestamp"":""2026-01-01T00:00:57.922222Z"",""sequence"":53}",s0_90_normal_rep2_full_20260504_013601,S0_CLOUD_ONLY,2026-01-01T00:00:57.922222Z,53
budgeted_800k_s0_s1_s2|S0_CLOUD_ONLY|s0_90_normal_rep2_full_20260504_013601,telemetry|s0-cloud-publisher-b|device|motor-014|000000000054|44915,2026-05-03T23:50:27.048693Z,bearing_fault,"{""anomalyType"":""bearing_fault"",""isAnomaly"":true,""matchedRules"":[""motor.bearing_fault""],""score"":0.92,""severity"":""critical""}",True,2026-05-03T23:45:55.533888Z,2026-05-03T23:50:27.048435Z,motor-014,motor,2026-05-03T23:45:55.533874Z,budgeted_800k_s0_s1_s2,"{""anomalyType"":""bearing_fault"",""isAnomaly"":true}",2026-05-03T23:46:00.414,alert,s0-cloud-publisher-b,,"{""alertTimestamp"":""2026-05-03T23:50:27.048693Z"",""anomalyTimestamp"":null,""cloudDetection"":{""anomalyType"":""bearing_fault"",""isAnomaly"":true,""matchedRules"":[""motor.bearing_fault""],""score"":0.92,""severity"":""critical""},""cloudPublishTimestamp"":""2026-05-03T23:45:55.533888Z"",""cloudReceivedTimestamp"":""2026-05-03T23:50:27.048435Z"",""deviceId"":""motor-014"",""deviceType"":""motor"",""directPublisherReceivedTimestamp"":""2026-05-03T23:45:55.533874Z"",""edgeReceivedTimestamp"":null,""experimentId"":""budgeted_800k_s0_s1_s2"",""filteredTimestamp"":null,""groundTruth"":{""anomalyType"":""bearing_fault"",""isAnomaly"":true},""messageType"":""alert"",""normalizedTimestamp"":null,""runId"":""s0_90_normal_rep2_full_20260504_013601"",""scenario"":""S0_CLOUD_ONLY"",""sensorTimestamp"":""2026-01-01T00:00:59.033333Z"",""sequence"":54}",s0_90_normal_rep2_full_20260504_013601,S0_CLOUD_ONLY,2026-01-01T00:00:59.033333Z,54
budgeted_800k_s0_s1_s2|S0_CLOUD_ONLY|s0_90_normal_rep2_full_20260504_013601,telemetry|s0-cloud-publisher-b|device|motor-014|000000000055|45014,2026-05-03T23:50:29.561022Z,bearing_fault,"{""anomalyType"":""bearing_fault"",""isAnomaly"":true,""matchedRules"":[""motor.bearing_fault""],""score"":0.92,""severity"":""critical""}",True,2026-05-03T23:45:56.609540Z,2026-05-03T23:50:29.560771Z,motor-014,motor,2026-05-03T23:45:56.609528Z,budgeted_800k_s0_s1_s2,"{""anomalyType"":""bearing_fault"",""isAnomaly"":true}",2026-05-03T23:46:01.571,alert,s0-cloud-publisher-b,,"{""alertTimestamp"":""2026-05-03T23:50:29.561022Z"",""anomalyTimestamp"":null,""cloudDetection"":{""anomalyType"":""bearing_fault"",""isAnomaly"":true,""matchedRules"":[""motor.bearing_fault""],""score"":0.92,""severity"":""critical""},""cloudPublishTimestamp"":""2026-05-03T23:45:56.609540Z"",""cloudReceivedTimestamp"":""2026-05-03T23:50:29.560771Z"",""deviceId"":""motor-014"",""deviceType"":""motor"",""directPublisherReceivedTimestamp"":""2026-05-03T23:45:56.609528Z"",""edgeReceivedTimestamp"":null,""experimentId"":""budgeted_800k_s0_s1_s2"",""filteredTimestamp"":null,""groundTruth"":{""anomalyType"":""bearing_fault"",""isAnomaly"":true},""messageType"":""alert"",""normalizedTimestamp"":null,""runId"":""s0_90_normal_rep2_full_20260504_013601"",""scenario"":""S0_CLOUD_ONLY"",""sensorTimestamp"":""2026-01-01T00:01:00.144444Z"",""sequence"":55}",s0_90_normal_rep2_full_20260504_013601,S0_CLOUD_ONLY,2026-01-01T00:01:00.144444Z,55
budgeted_800k_s0_s1_s2|S0_CLOUD_ONLY|s0_90_normal_rep2_full_20260504_013601,telemetry|s0-cloud-publisher-b|device|motor-014|000000000056|45114,2026-05-03T23:50:31.757344Z,bearing_fault,"{""anomalyType"":""bearing_fault"",""isAnomaly"":true,""matchedRules"":[""motor.bearing_fault""],""score"":0.92,""severity"":""critical""}",True,2026-05-03T23:45:57.719878Z,2026-05-03T23:50:31.757089Z,motor-014,motor,2026-05-03T23:45:57.719867Z,budgeted_800k_s0_s1_s2,"{""anomalyType"":""bearing_fault"",""isAnomaly"":true}",2026-05-03T23:46:02.727,alert,s0-cloud-publisher-b,,"{""alertTimestamp"":""2026-05-03T23:50:31.757344Z"",""anomalyTimestamp"":null,""cloudDetection"":{""anomalyType"":""bearing_fault"",""isAnomaly"":true,""matchedRules"":[""motor.bearing_fault""],""score"":0.92,""severity"":""critical""},""cloudPublishTimestamp"":""2026-05-03T23:45:57.719878Z"",""cloudReceivedTimestamp"":""2026-05-03T23:50:31.757089Z"",""deviceId"":""motor-014"",""deviceType"":""motor"",""directPublisherReceivedTimestamp"":""2026-05-03T23:45:57.719867Z"",""edgeReceivedTimestamp"":null,""experimentId"":""budgeted_800k_s0_s1_s2"",""filteredTimestamp"":null,""groundTruth"":{""anomalyType"":""bearing_fault"",""isAnomaly"":true},""messageType"":""alert"",""normalizedTimestamp"":null,""runId"":""s0_90_normal_rep2_full_20260504_013601"",""scenario"":""S0_CLOUD_ONLY"",""sensorTimestamp"":""2026-01-01T00:01:01.255556Z"",""sequence"":56}",s0_90_normal_rep2_full_20260504_013601,S0_CLOUD_ONLY,2026-01-01T00:01:01.255556Z,56
budgeted_800k_s0_s1_s2|S0_CLOUD_ONLY|s0_90_normal_rep2_full_20260504_013601,telemetry|s0-cloud-publisher-b|device|motor-014|000000000057|45214,2026-05-03T23:50:33.952298Z,bearing_fault,"{""anomalyType"":""bearing_fault"",""isAnomaly"":true,""matchedRules"":[""motor.bearing_fault""],""score"":0.92,""severity"":""critical""}",True,2026-05-03T23:45:58.823000Z,2026-05-03T23:50:33.952042Z,motor-014,motor,2026-05-03T23:45:58.822989Z,budgeted_800k_s0_s1_s2,"{""anomalyType"":""bearing_fault"",""isAnomaly"":true}",2026-05-03T23:46:03.977,alert,s0-cloud-publisher-b,,"{""alertTimestamp"":""2026-05-03T23:50:33.952298Z"",""anomalyTimestamp"":null,""cloudDetection"":{""anomalyType"":""bearing_fault"",""isAnomaly"":true,""matchedRules"":[""motor.bearing_fault""],""score"":0.92,""severity"":""critical""},""cloudPublishTimestamp"":""2026-05-03T23:45:58.823000Z"",""cloudReceivedTimestamp"":""2026-05-03T23:50:33.952042Z"",""deviceId"":""motor-014"",""deviceType"":""motor"",""directPublisherReceivedTimestamp"":""2026-05-03T23:45:58.822989Z"",""edgeReceivedTimestamp"":null,""experimentId"":""budgeted_800k_s0_s1_s2"",""filteredTimestamp"":null,""groundTruth"":{""anomalyType"":""bearing_fault"",""isAnomaly"":true},""messageType"":""alert"",""normalizedTimestamp"":null,""runId"":""s0_90_normal_rep2_full_20260504_013601"",""scenario"":""S0_CLOUD_ONLY"",""sensorTimestamp"":""2026-01-01T00:01:02.366667Z"",""sequence"":57}",s0_90_normal_rep2_full_20260504_013601,S0_CLOUD_ONLY,2026-01-01T00:01:02.366667Z,57
budgeted_800k_s0_s1_s2|S0_CLOUD_ONLY|s0_90_normal_rep2_full_20260504_013601,telemetry|s0-cloud-publisher-b|device|motor-014|000000000058|45314,2026-05-03T23:50:36.113822Z,bearing_fault,"{""anomalyType"":""bearing_fault"",""isAnomaly"":true,""matchedRules"":[""motor.bearing_fault""],""score"":0.92,""severity"":""critical""}",True,2026-05-03T23:45:59.947450Z,2026-05-03T23:50:36.113574Z,motor-014,motor,2026-05-03T23:45:59.947438Z,budgeted_800k_s0_s1_s2,"{""anomalyType"":""bearing_fault"",""isAnomaly"":true}",2026-05-03T23:46:05.228,alert,s0-cloud-publisher-b,,"{""alertTimestamp"":""2026-05-03T23:50:36.113822Z"",""anomalyTimestamp"":null,""cloudDetection"":{""anomalyType"":""bearing_fault"",""isAnomaly"":true,""matchedRules"":[""motor.bearing_fault""],""score"":0.92,""severity"":""critical""},""cloudPublishTimestamp"":""2026-05-03T23:45:59.947450Z"",""cloudReceivedTimestamp"":""2026-05-03T23:50:36.113574Z"",""deviceId"":""motor-014"",""deviceType"":""motor"",""directPublisherReceivedTimestamp"":""2026-05-03T23:45:59.947438Z"",""edgeReceivedTimestamp"":null,""experimentId"":""budgeted_800k_s0_s1_s2"",""filteredTimestamp"":null,""groundTruth"":{""anomalyType"":""bearing_fault"",""isAnomaly"":true},""messageType"":""alert"",""normalizedTimestamp"":null,""runId"":""s0_90_normal_rep2_full_20260504_013601"",""scenario"":""S0_CLOUD_ONLY"",""sensorTimestamp"":""2026-01-01T00:01:03.477778Z"",""sequence"":58}",s0_90_normal_rep2_full_20260504_013601,S0_CLOUD_ONLY,2026-01-01T00:01:03.477778Z,58
budgeted_800k_s0_s1_s2|S0_CLOUD_ONLY|s0_90_normal_rep2_full_20260504_013601,telemetry|s0-cloud-publisher-b|device|motor-014|000000000059|45414,2026-05-03T23:50:38.289712Z,bearing_fault,"{""anomalyType"":""bearing_fault"",""isAnomaly"":true,""matchedRules"":[""motor.bearing_fault""],""score"":0.92,""severity"":""critical""}",True,2026-05-03T23:46:01.091723Z,2026-05-03T23:50:38.289458Z,motor-014,motor,2026-05-03T23:46:01.091717Z,budgeted_800k_s0_s1_s2,"{""anomalyType"":""bearing_fault"",""isAnomaly"":true}",2026-05-03T23:46:06.385,alert,s0-cloud-publisher-b,,"{""alertTimestamp"":""2026-05-03T23:50:38.289712Z"",""anomalyTimestamp"":null,""cloudDetection"":{""anomalyType"":""bearing_fault"",""isAnomaly"":true,""matchedRules"":[""motor.bearing_fault""],""score"":0.92,""severity"":""critical""},""cloudPublishTimestamp"":""2026-05-03T23:46:01.091723Z"",""cloudReceivedTimestamp"":""2026-05-03T23:50:38.289458Z"",""deviceId"":""motor-014"",""deviceType"":""motor"",""directPublisherReceivedTimestamp"":""2026-05-03T23:46:01.091717Z"",""edgeReceivedTimestamp"":null,""experimentId"":""budgeted_800k_s0_s1_s2"",""filteredTimestamp"":null,""groundTruth"":{""anomalyType"":""bearing_fault"",""isAnomaly"":true},""messageType"":""alert"",""normalizedTimestamp"":null,""runId"":""s0_90_normal_rep2_full_20260504_013601"",""scenario"":""S0_CLOUD_ONLY"",""sensorTimestamp"":""2026-01-01T00:01:04.588889Z"",""sequence"":59}",s0_90_normal_rep2_full_20260504_013601,S0_CLOUD_ONLY,2026-01-01T00:01:04.588889Z,59
budgeted_800k_s0_s1_s2|S0_CLOUD_ONLY|s0_90_normal_rep2_full_20260504_013601,telemetry|s0-cloud-publisher-b|device|motor-014|000000000060|45513,2026-05-03T23:50:40.560558Z,bearing_fault,"{""anomalyType"":""bearing_fault"",""isAnomaly"":true,""matchedRules"":[""motor.bearing_fault""],""score"":0.92,""severity"":""critical""}",True,2026-05-03T23:46:02.163533Z,2026-05-03T23:50:40.560018Z,motor-014,motor,2026-05-03T23:46:02.163521Z,budgeted_800k_s0_s1_s2,"{""anomalyType"":""bearing_fault"",""isAnomaly"":true}",2026-05-03T23:46:07.541,alert,s0-cloud-publisher-b,,"{""alertTimestamp"":""2026-05-03T23:50:40.560558Z"",""anomalyTimestamp"":null,""cloudDetection"":{""anomalyType"":""bearing_fault"",""isAnomaly"":true,""matchedRules"":[""motor.bearing_fault""],""score"":0.92,""severity"":""critical""},""cloudPublishTimestamp"":""2026-05-03T23:46:02.163533Z"",""cloudReceivedTimestamp"":""2026-05-03T23:50:40.560018Z"",""deviceId"":""motor-014"",""deviceType"":""motor"",""directPublisherReceivedTimestamp"":""2026-05-03T23:46:02.163521Z"",""edgeReceivedTimestamp"":null,""experimentId"":""budgeted_800k_s0_s1_s2"",""filteredTimestamp"":null,""groundTruth"":{""anomalyType"":""bearing_fault"",""isAnomaly"":true},""messageType"":""alert"",""normalizedTimestamp"":null,""runId"":""s0_90_normal_rep2_full_20260504_013601"",""scenario"":""S0_CLOUD_ONLY"",""sensorTimestamp"":""2026-01-01T00:01:05.700000Z"",""sequence"":60}",s0_90_normal_rep2_full_20260504_013601,S0_CLOUD_ONLY,2026-01-01T00:01:05.700000Z,60
budgeted_800k_s0_s1_s2|S0_CLOUD_ONLY|s0_90_normal_rep2_full_20260504_013601,telemetry|s0-cloud-publisher-b|device|motor-014|000000000061|45613,2026-05-03T23:50:42.809492Z,bearing_fault,"{""anomalyType"":""bearing_fault"",""isAnomaly"":true,""matchedRules"":[""motor.bearing_fault""],""score"":0.92,""severity"":""critical""}",True,2026-05-03T23:46:03.269370Z,2026-05-03T23:50:42.808950Z,motor-014,motor,2026-05-03T23:46:03.269359Z,budgeted_800k_s0_s1_s2,"{""anomalyType"":""bearing_fault"",""isAnomaly"":true}",2026-05-03T23:46:08.682,alert,s0-cloud-publisher-b,,"{""alertTimestamp"":""2026-05-03T23:50:42.809492Z"",""anomalyTimestamp"":null,""cloudDetection"":{""anomalyType"":""bearing_fault"",""isAnomaly"":true,""matchedRules"":[""motor.bearing_fault""],""score"":0.92,""severity"":""critical""},""cloudPublishTimestamp"":""2026-05-03T23:46:03.269370Z"",""cloudReceivedTimestamp"":""2026-05-03T23:50:42.808950Z"",""deviceId"":""motor-014"",""deviceType"":""motor"",""directPublisherReceivedTimestamp"":""2026-05-03T23:46:03.269359Z"",""edgeReceivedTimestamp"":null,""experimentId"":""budgeted_800k_s0_s1_s2"",""filteredTimestamp"":null,""groundTruth"":{""anomalyType"":""bearing_fault"",""isAnomaly"":true},""messageType"":""alert"",""normalizedTimestamp"":null,""runId"":""s0_90_normal_rep2_full_20260504_013601"",""scenario"":""S0_CLOUD_ONLY"",""sensorTimestamp"":""2026-01-01T00:01:06.811111Z"",""sequence"":61}",s0_90_normal_rep2_full_20260504_013601,S0_CLOUD_ONLY,2026-01-01T00:01:06.811111Z,61
budgeted_800k_s0_s1_s2|S0_CLOUD_ONLY|s0_90_normal_rep2_full_20260504_013601,telemetry|s0-cloud-publisher-b|device|motor-014|000000000062|45710,2026-05-03T23:50:45.095067Z,bearing_fault,"{""anomalyType"":""bearing_fault"",""isAnomaly"":true,""matchedRules"":[""motor.bearing_fault""],""score"":0.92,""severity"":""critical""}",True,2026-05-03T23:46:04.398237Z,2026-05-03T23:50:45.094832Z,motor-014,motor,2026-05-03T23:46:04.398225Z,budgeted_800k_s0_s1_s2,"{""anomalyType"":""bearing_fault"",""isAnomaly"":true}",2026-05-03T23:46:09.933,alert,s0-cloud-publisher-b,,"{""alertTimestamp"":""2026-05-03T23:50:45.095067Z"",""anomalyTimestamp"":null,""cloudDetection"":{""anomalyType"":""bearing_fault"",""isAnomaly"":true,""matchedRules"":[""motor.bearing_fault""],""score"":0.92,""severity"":""critical""},""cloudPublishTimestamp"":""2026-05-03T23:46:04.398237Z"",""cloudReceivedTimestamp"":""2026-05-03T23:50:45.094832Z"",""deviceId"":""motor-014"",""deviceType"":""motor"",""directPublisherReceivedTimestamp"":""2026-05-03T23:46:04.398225Z"",""edgeReceivedTimestamp"":null,""experimentId"":""budgeted_800k_s0_s1_s2"",""filteredTimestamp"":null,""groundTruth"":{""anomalyType"":""bearing_fault"",""isAnomaly"":true},""messageType"":""alert"",""normalizedTimestamp"":null,""runId"":""s0_90_normal_rep2_full_20260504_013601"",""scenario"":""S0_CLOUD_ONLY"",""sensorTimestamp"":""2026-01-01T00:01:07.922222Z"",""sequence"":62}",s0_90_normal_rep2_full_20260504_013601,S0_CLOUD_ONLY,2026-01-01T00:01:07.922222Z,62
budgeted_800k_s0_s1_s2|S0_CLOUD_ONLY|s0_90_normal_rep2_full_20260504_013601,telemetry|s0-cloud-publisher-b|device|motor-014|000000000063|45810,2026-05-03T23:50:47.352996Z,bearing_fault,"{""anomalyType"":""bearing_fault"",""isAnomaly"":true,""matchedRules"":[""motor.bearing_fault""],""score"":0.92,""severity"":""critical""}",True,2026-05-03T23:46:05.519472Z,2026-05-03T23:50:47.352498Z,motor-014,motor,2026-05-03T23:46:05.519460Z,budgeted_800k_s0_s1_s2,"{""anomalyType"":""bearing_fault"",""isAnomaly"":true}",2026-05-03T23:46:11.183,alert,s0-cloud-publisher-b,,"{""alertTimestamp"":""2026-05-03T23:50:47.352996Z"",""anomalyTimestamp"":null,""cloudDetection"":{""anomalyType"":""bearing_fault"",""isAnomaly"":true,""matchedRules"":[""motor.bearing_fault""],""score"":0.92,""severity"":""critical""},""cloudPublishTimestamp"":""2026-05-03T23:46:05.519472Z"",""cloudReceivedTimestamp"":""2026-05-03T23:50:47.352498Z"",""deviceId"":""motor-014"",""deviceType"":""motor"",""directPublisherReceivedTimestamp"":""2026-05-03T23:46:05.519460Z"",""edgeReceivedTimestamp"":null,""experimentId"":""budgeted_800k_s0_s1_s2"",""filteredTimestamp"":null,""groundTruth"":{""anomalyType"":""bearing_fault"",""isAnomaly"":true},""messageType"":""alert"",""normalizedTimestamp"":null,""runId"":""s0_90_normal_rep2_full_20260504_013601"",""scenario"":""S0_CLOUD_ONLY"",""sensorTimestamp"":""2026-01-01T00:01:09.033333Z"",""sequence"":63}",s0_90_normal_rep2_full_20260504_013601,S0_CLOUD_ONLY,2026-01-01T00:01:09.033333Z,63
budgeted_800k_s0_s1_s2|S0_CLOUD_ONLY|s0_90_normal_rep2_full_20260504_013601,telemetry|s0-cloud-publisher-b|device|motor-014|000000000064|45910,2026-05-03T23:50:49.461994Z,bearing_fault,"{""anomalyType"":""bearing_fault"",""isAnomaly"":true,""matchedRules"":[""motor.bearing_fault""],""score"":0.92,""severity"":""critical""}",True,2026-05-03T23:46:06.613597Z,2026-05-03T23:50:49.461573Z,motor-014,motor,2026-05-03T23:46:06.613591Z,budgeted_800k_s0_s1_s2,"{""anomalyType"":""bearing_fault"",""isAnomaly"":true}",2026-05-03T23:46:12.339,alert,s0-cloud-publisher-b,,"{""alertTimestamp"":""2026-05-03T23:50:49.461994Z"",""anomalyTimestamp"":null,""cloudDetection"":{""anomalyType"":""bearing_fault"",""isAnomaly"":true,""matchedRules"":[""motor.bearing_fault""],""score"":0.92,""severity"":""critical""},""cloudPublishTimestamp"":""2026-05-03T23:46:06.613597Z"",""cloudReceivedTimestamp"":""2026-05-03T23:50:49.461573Z"",""deviceId"":""motor-014"",""deviceType"":""motor"",""directPublisherReceivedTimestamp"":""2026-05-03T23:46:06.613591Z"",""edgeReceivedTimestamp"":null,""experimentId"":""budgeted_800k_s0_s1_s2"",""filteredTimestamp"":null,""groundTruth"":{""anomalyType"":""bearing_fault"",""isAnomaly"":true},""messageType"":""alert"",""normalizedTimestamp"":null,""runId"":""s0_90_normal_rep2_full_20260504_013601"",""scenario"":""S0_CLOUD_ONLY"",""sensorTimestamp"":""2026-01-01T00:01:10.144444Z"",""sequence"":64}",s0_90_normal_rep2_full_20260504_013601,S0_CLOUD_ONLY,2026-01-01T00:01:10.144444Z,64
budgeted_800k_s0_s1_s2|S0_CLOUD_ONLY|s0_90_normal_rep2_full_20260504_013601,telemetry|s0-cloud-publisher-b|device|motor-014|000000000065|46010,2026-05-03T23:50:51.613698Z,bearing_fault,"{""anomalyType"":""bearing_fault"",""isAnomaly"":true,""matchedRules"":[""motor.bearing_fault""],""score"":0.92,""severity"":""critical""}",True,2026-05-03T23:46:07.731370Z,2026-05-03T23:50:51.613451Z,motor-014,motor,2026-05-03T23:46:07.731363Z,budgeted_800k_s0_s1_s2,"{""anomalyType"":""bearing_fault"",""isAnomaly"":true}",2026-05-03T23:46:13.495,alert,s0-cloud-publisher-b,,"{""alertTimestamp"":""2026-05-03T23:50:51.613698Z"",""anomalyTimestamp"":null,""cloudDetection"":{""anomalyType"":""bearing_fault"",""isAnomaly"":true,""matchedRules"":[""motor.bearing_fault""],""score"":0.92,""severity"":""critical""},""cloudPublishTimestamp"":""2026-05-03T23:46:07.731370Z"",""cloudReceivedTimestamp"":""2026-05-03T23:50:51.613451Z"",""deviceId"":""motor-014"",""deviceType"":""motor"",""directPublisherReceivedTimestamp"":""2026-05-03T23:46:07.731363Z"",""edgeReceivedTimestamp"":null,""experimentId"":""budgeted_800k_s0_s1_s2"",""filteredTimestamp"":null,""groundTruth"":{""anomalyType"":""bearing_fault"",""isAnomaly"":true},""messageType"":""alert"",""normalizedTimestamp"":null,""runId"":""s0_90_normal_rep2_full_20260504_013601"",""scenario"":""S0_CLOUD_ONLY"",""sensorTimestamp"":""2026-01-01T00:01:11.255556Z"",""sequence"":65}",s0_90_normal_rep2_full_20260504_013601,S0_CLOUD_ONLY,2026-01-01T00:01:11.255556Z,65
budgeted_800k_s0_s1_s2|S0_CLOUD_ONLY|s0_90_normal_rep2_full_20260504_013601,telemetry|s0-cloud-publisher-b|device|motor-014|000000000066|46110,2026-05-03T23:50:53.858360Z,bearing_fault,"{""anomalyType"":""bearing_fault"",""isAnomaly"":true,""matchedRules"":[""motor.bearing_fault""],""score"":0.92,""severity"":""critical""}",True,2026-05-03T23:46:08.831532Z,2026-05-03T23:50:53.858109Z,motor-014,motor,2026-05-03T23:46:08.831520Z,budgeted_800k_s0_s1_s2,"{""anomalyType"":""bearing_fault"",""isAnomaly"":true}",2026-05-03T23:46:14.746,alert,s0-cloud-publisher-b,,"{""alertTimestamp"":""2026-05-03T23:50:53.858360Z"",""anomalyTimestamp"":null,""cloudDetection"":{""anomalyType"":""bearing_fault"",""isAnomaly"":true,""matchedRules"":[""motor.bearing_fault""],""score"":0.92,""severity"":""critical""},""cloudPublishTimestamp"":""2026-05-03T23:46:08.831532Z"",""cloudReceivedTimestamp"":""2026-05-03T23:50:53.858109Z"",""deviceId"":""motor-014"",""deviceType"":""motor"",""directPublisherReceivedTimestamp"":""2026-05-03T23:46:08.831520Z"",""edgeReceivedTimestamp"":null,""experimentId"":""budgeted_800k_s0_s1_s2"",""filteredTimestamp"":null,""groundTruth"":{""anomalyType"":""bearing_fault"",""isAnomaly"":true},""messageType"":""alert"",""normalizedTimestamp"":null,""runId"":""s0_90_normal_rep2_full_20260504_013601"",""scenario"":""S0_CLOUD_ONLY"",""sensorTimestamp"":""2026-01-01T00:01:12.366667Z"",""sequence"":66}",s0_90_normal_rep2_full_20260504_013601,S0_CLOUD_ONLY,2026-01-01T00:01:12.366667Z,66
budgeted_800k_s0_s1_s2|S0_CLOUD_ONLY|s0_90_normal_rep2_full_20260504_013601,telemetry|s0-cloud-publisher-b|device|motor-014|000000000067|46209,2026-05-03T23:50:56.177490Z,bearing_fault,"{""anomalyType"":""bearing_fault"",""isAnomaly"":true,""matchedRules"":[""motor.bearing_fault""],""score"":0.92,""severity"":""critical""}",True,2026-05-03T23:46:09.932170Z,2026-05-03T23:50:56.177233Z,motor-014,motor,2026-05-03T23:46:09.932164Z,budgeted_800k_s0_s1_s2,"{""anomalyType"":""bearing_fault"",""isAnomaly"":true}",2026-05-03T23:46:15.902,alert,s0-cloud-publisher-b,,"{""alertTimestamp"":""2026-05-03T23:50:56.177490Z"",""anomalyTimestamp"":null,""cloudDetection"":{""anomalyType"":""bearing_fault"",""isAnomaly"":true,""matchedRules"":[""motor.bearing_fault""],""score"":0.92,""severity"":""critical""},""cloudPublishTimestamp"":""2026-05-03T23:46:09.932170Z"",""cloudReceivedTimestamp"":""2026-05-03T23:50:56.177233Z"",""deviceId"":""motor-014"",""deviceType"":""motor"",""directPublisherReceivedTimestamp"":""2026-05-03T23:46:09.932164Z"",""edgeReceivedTimestamp"":null,""experimentId"":""budgeted_800k_s0_s1_s2"",""filteredTimestamp"":null,""groundTruth"":{""anomalyType"":""bearing_fault"",""isAnomaly"":true},""messageType"":""alert"",""normalizedTimestamp"":null,""runId"":""s0_90_normal_rep2_full_20260504_013601"",""scenario"":""S0_CLOUD_ONLY"",""sensorTimestamp"":""2026-01-01T00:01:13.477778Z"",""sequence"":67}",s0_90_normal_rep2_full_20260504_013601,S0_CLOUD_ONLY,2026-01-01T00:01:13.477778Z,67
budgeted_800k_s0_s1_s2|S0_CLOUD_ONLY|s0_90_normal_rep2_full_20260504_013601,telemetry|s0-cloud-publisher-b|device|motor-014|000000000068|46309,2026-05-03T23:50:58.598207Z,bearing_fault,"{""anomalyType"":""bearing_fault"",""isAnomaly"":true,""matchedRules"":[""motor.bearing_fault""],""score"":0.92,""severity"":""critical""}",True,2026-05-03T23:46:11.034288Z,2026-05-03T23:50:58.597818Z,motor-014,motor,2026-05-03T23:46:11.034282Z,budgeted_800k_s0_s1_s2,"{""anomalyType"":""bearing_fault"",""isAnomaly"":true}",2026-05-03T23:46:17.152,alert,s0-cloud-publisher-b,,"{""alertTimestamp"":""2026-05-03T23:50:58.598207Z"",""anomalyTimestamp"":null,""cloudDetection"":{""anomalyType"":""bearing_fault"",""isAnomaly"":true,""matchedRules"":[""motor.bearing_fault""],""score"":0.92,""severity"":""critical""},""cloudPublishTimestamp"":""2026-05-03T23:46:11.034288Z"",""cloudReceivedTimestamp"":""2026-05-03T23:50:58.597818Z"",""deviceId"":""motor-014"",""deviceType"":""motor"",""directPublisherReceivedTimestamp"":""2026-05-03T23:46:11.034282Z"",""edgeReceivedTimestamp"":null,""experimentId"":""budgeted_800k_s0_s1_s2"",""filteredTimestamp"":null,""groundTruth"":{""anomalyType"":""bearing_fault"",""isAnomaly"":true},""messageType"":""alert"",""normalizedTimestamp"":null,""runId"":""s0_90_normal_rep2_full_20260504_013601"",""scenario"":""S0_CLOUD_ONLY"",""sensorTimestamp"":""2026-01-01T00:01:14.588889Z"",""sequence"":68}",s0_90_normal_rep2_full_20260504_013601,S0_CLOUD_ONLY,2026-01-01T00:01:14.588889Z,68
budgeted_800k_s0_s1_s2|S0_CLOUD_ONLY|s0_90_normal_rep2_full_20260504_013601,telemetry|s0-cloud-publisher-b|device|motor-014|000000000069|46409,2026-05-03T23:51:01.257813Z,bearing_fault,"{""anomalyType"":""bearing_fault"",""isAnomaly"":true,""matchedRules"":[""motor.bearing_fault""],""score"":0.92,""severity"":""critical""}",True,2026-05-03T23:46:12.185989Z,2026-05-03T23:51:01.257586Z,motor-014,motor,2026-05-03T23:46:12.185982Z,budgeted_800k_s0_s1_s2,"{""anomalyType"":""bearing_fault"",""isAnomaly"":true}",2026-05-03T23:46:18.308,alert,s0-cloud-publisher-b,,"{""alertTimestamp"":""2026-05-03T23:51:01.257813Z"",""anomalyTimestamp"":null,""cloudDetection"":{""anomalyType"":""bearing_fault"",""isAnomaly"":true,""matchedRules"":[""motor.bearing_fault""],""score"":0.92,""severity"":""critical""},""cloudPublishTimestamp"":""2026-05-03T23:46:12.185989Z"",""cloudReceivedTimestamp"":""2026-05-03T23:51:01.257586Z"",""deviceId"":""motor-014"",""deviceType"":""motor"",""directPublisherReceivedTimestamp"":""2026-05-03T23:46:12.185982Z"",""edgeReceivedTimestamp"":null,""experimentId"":""budgeted_800k_s0_s1_s2"",""filteredTimestamp"":null,""groundTruth"":{""anomalyType"":""bearing_fault"",""isAnomaly"":true},""messageType"":""alert"",""normalizedTimestamp"":null,""runId"":""s0_90_normal_rep2_full_20260504_013601"",""scenario"":""S0_CLOUD_ONLY"",""sensorTimestamp"":""2026-01-01T00:01:15.700000Z"",""sequence"":69}",s0_90_normal_rep2_full_20260504_013601,S0_CLOUD_ONLY,2026-01-01T00:01:15.700000Z,69
budgeted_800k_s0_s1_s2|S0_CLOUD_ONLY|s0_90_normal_rep2_full_20260504_013601,telemetry|s0-cloud-publisher-b|device|motor-014|000000000070|46507,2026-05-03T23:51:03.620348Z,bearing_fault,"{""anomalyType"":""bearing_fault"",""isAnomaly"":true,""matchedRules"":[""motor.bearing_fault""],""score"":0.92,""severity"":""critical""}",True,2026-05-03T23:46:13.296824Z,2026-05-03T23:51:03.620080Z,motor-014,motor,2026-05-03T23:46:13.296807Z,budgeted_800k_s0_s1_s2,"{""anomalyType"":""bearing_fault"",""isAnomaly"":true}",2026-05-03T23:46:19.465,alert,s0-cloud-publisher-b,,"{""alertTimestamp"":""2026-05-03T23:51:03.620348Z"",""anomalyTimestamp"":null,""cloudDetection"":{""anomalyType"":""bearing_fault"",""isAnomaly"":true,""matchedRules"":[""motor.bearing_fault""],""score"":0.92,""severity"":""critical""},""cloudPublishTimestamp"":""2026-05-03T23:46:13.296824Z"",""cloudReceivedTimestamp"":""2026-05-03T23:51:03.620080Z"",""deviceId"":""motor-014"",""deviceType"":""motor"",""directPublisherReceivedTimestamp"":""2026-05-03T23:46:13.296807Z"",""edgeReceivedTimestamp"":null,""experimentId"":""budgeted_800k_s0_s1_s2"",""filteredTimestamp"":null,""groundTruth"":{""anomalyType"":""bearing_fault"",""isAnomaly"":true},""messageType"":""alert"",""normalizedTimestamp"":null,""runId"":""s0_90_normal_rep2_full_20260504_013601"",""scenario"":""S0_CLOUD_ONLY"",""sensorTimestamp"":""2026-01-01T00:01:16.811111Z"",""sequence"":70}",s0_90_normal_rep2_full_20260504_013601,S0_CLOUD_ONLY,2026-01-01T00:01:16.811111Z,70
budgeted_800k_s0_s1_s2|S0_CLOUD_ONLY|s0_90_normal_rep2_full_20260504_013601,telemetry|s0-cloud-publisher-b|device|motor-014|000000000071|46607,2026-05-03T23:51:06.109418Z,bearing_fault,"{""anomalyType"":""bearing_fault"",""isAnomaly"":true,""matchedRules"":[""motor.bearing_fault""],""score"":0.92,""severity"":""critical""}",True,2026-05-03T23:46:14.421666Z,2026-05-03T23:51:06.109223Z,motor-014,motor,2026-05-03T23:46:14.421655Z,budgeted_800k_s0_s1_s2,"{""anomalyType"":""bearing_fault"",""isAnomaly"":true}",2026-05-03T23:46:20.715,alert,s0-cloud-publisher-b,,"{""alertTimestamp"":""2026-05-03T23:51:06.109418Z"",""anomalyTimestamp"":null,""cloudDetection"":{""anomalyType"":""bearing_fault"",""isAnomaly"":true,""matchedRules"":[""motor.bearing_fault""],""score"":0.92,""severity"":""critical""},""cloudPublishTimestamp"":""2026-05-03T23:46:14.421666Z"",""cloudReceivedTimestamp"":""2026-05-03T23:51:06.109223Z"",""deviceId"":""motor-014"",""deviceType"":""motor"",""directPublisherReceivedTimestamp"":""2026-05-03T23:46:14.421655Z"",""edgeReceivedTimestamp"":null,""experimentId"":""budgeted_800k_s0_s1_s2"",""filteredTimestamp"":null,""groundTruth"":{""anomalyType"":""bearing_fault"",""isAnomaly"":true},""messageType"":""alert"",""normalizedTimestamp"":null,""runId"":""s0_90_normal_rep2_full_20260504_013601"",""scenario"":""S0_CLOUD_ONLY"",""sensorTimestamp"":""2026-01-01T00:01:17.922222Z"",""sequence"":71}",s0_90_normal_rep2_full_20260504_013601,S0_CLOUD_ONLY,2026-01-01T00:01:17.922222Z,71
budgeted_800k_s0_s1_s2|S0_CLOUD_ONLY|s0_90_normal_rep2_full_20260504_013601,telemetry|s0-cloud-publisher-b|device|motor-014|000000000072|46707,2026-05-03T23:51:08.481458Z,bearing_fault,"{""anomalyType"":""bearing_fault"",""isAnomaly"":true,""matchedRules"":[""motor.bearing_fault""],""score"":0.92,""severity"":""critical""}",True,2026-05-03T23:46:15.513999Z,2026-05-03T23:51:08.481147Z,motor-014,motor,2026-05-03T23:46:15.513979Z,budgeted_800k_s0_s1_s2,"{""anomalyType"":""bearing_fault"",""isAnomaly"":true}",2026-05-03T23:46:21.965,alert,s0-cloud-publisher-b,,"{""alertTimestamp"":""2026-05-03T23:51:08.481458Z"",""anomalyTimestamp"":null,""cloudDetection"":{""anomalyType"":""bearing_fault"",""isAnomaly"":true,""matchedRules"":[""motor.bearing_fault""],""score"":0.92,""severity"":""critical""},""cloudPublishTimestamp"":""2026-05-03T23:46:15.513999Z"",""cloudReceivedTimestamp"":""2026-05-03T23:51:08.481147Z"",""deviceId"":""motor-014"",""deviceType"":""motor"",""directPublisherReceivedTimestamp"":""2026-05-03T23:46:15.513979Z"",""edgeReceivedTimestamp"":null,""experimentId"":""budgeted_800k_s0_s1_s2"",""filteredTimestamp"":null,""groundTruth"":{""anomalyType"":""bearing_fault"",""isAnomaly"":true},""messageType"":""alert"",""normalizedTimestamp"":null,""runId"":""s0_90_normal_rep2_full_20260504_013601"",""scenario"":""S0_CLOUD_ONLY"",""sensorTimestamp"":""2026-01-01T00:01:19.033333Z"",""sequence"":72}",s0_90_normal_rep2_full_20260504_013601,S0_CLOUD_ONLY,2026-01-01T00:01:19.033333Z,72
budgeted_800k_s0_s1_s2|S0_CLOUD_ONLY|s0_90_normal_rep2_full_20260504_013601,telemetry|s0-cloud-publisher-b|device|motor-014|000000000073|46806,2026-05-03T23:51:10.772092Z,bearing_fault,"{""anomalyType"":""bearing_fault"",""isAnomaly"":true,""matchedRules"":[""motor.bearing_fault""],""score"":0.92,""severity"":""critical""}",True,2026-05-03T23:46:16.604131Z,2026-05-03T23:51:10.771891Z,motor-014,motor,2026-05-03T23:46:16.604119Z,budgeted_800k_s0_s1_s2,"{""anomalyType"":""bearing_fault"",""isAnomaly"":true}",2026-05-03T23:46:23.137,alert,s0-cloud-publisher-b,,"{""alertTimestamp"":""2026-05-03T23:51:10.772092Z"",""anomalyTimestamp"":null,""cloudDetection"":{""anomalyType"":""bearing_fault"",""isAnomaly"":true,""matchedRules"":[""motor.bearing_fault""],""score"":0.92,""severity"":""critical""},""cloudPublishTimestamp"":""2026-05-03T23:46:16.604131Z"",""cloudReceivedTimestamp"":""2026-05-03T23:51:10.771891Z"",""deviceId"":""motor-014"",""deviceType"":""motor"",""directPublisherReceivedTimestamp"":""2026-05-03T23:46:16.604119Z"",""edgeReceivedTimestamp"":null,""experimentId"":""budgeted_800k_s0_s1_s2"",""filteredTimestamp"":null,""groundTruth"":{""anomalyType"":""bearing_fault"",""isAnomaly"":true},""messageType"":""alert"",""normalizedTimestamp"":null,""runId"":""s0_90_normal_rep2_full_20260504_013601"",""scenario"":""S0_CLOUD_ONLY"",""sensorTimestamp"":""2026-01-01T00:01:20.144444Z"",""sequence"":73}",s0_90_normal_rep2_full_20260504_013601,S0_CLOUD_ONLY,2026-01-01T00:01:20.144444Z,73
